,作答ID,用户ID,用户名,开始时间,结束时间,作答时长(秒),作答渠道,发布ID,问卷发布名称,IP,经度,纬度,省份,城市,设备类型,操作系统类型,浏览器类型,屏幕分辨率,随机元素,请选择你的性别,学校以及学院,年级,选择你所在家乡城市,您大学期间是否进行过兼职（包括实习）（）？,您对兼职的态度：,据您观察，兼职的学生学业受影响的程度如何？,是否考虑过找一份兼职？,您认为寻找兼职的困难可能有-兼职信息太少??,您认为寻找兼职的困难可能有-中介机构收费太高,您认为寻找兼职的困难可能有-担心受骗,您认为寻找兼职的困难可能有-选项难以找到心仪的兼职岗位,您认为寻找兼职的困难可能有-其他,您倾向于哪些类型的兼职？-工资高的兼职,您倾向于哪些类型的兼职？-与专业贴近的兼职,您倾向于哪些类型的兼职？-锻炼个人能力的兼职,您倾向于哪些类型的兼职？-自由度高的兼职,您倾向于哪些类型的兼职？-其他,您倾向于何时兼职?,您预期的兼职月薪是？,您未选择去兼职的原因是？-以学业为重,您未选择去兼职的原因是？-没有时间精力,您未选择去兼职的原因是？-有明确的人生规划,您未选择去兼职的原因是？-认为兼职没有意义，得不到锻炼,您未选择去兼职的原因是？-不了解或不感兴趣,您从事过几份兼职？,您曾从事的兼职的类型是-家教,您曾从事的兼职的类型是-校内助教,您曾从事的兼职的类型是-服务行业（含：餐厅、书店等实体店工作）,您曾从事的兼职的类型是-推销代理,您曾从事的兼职的类型是-企业实习?,您曾从事的兼职的类型是-体力劳动,您曾从事的兼职的类型是-其他兼职,您兼职的主要目的-赚取收入,您兼职的主要目的-锻炼能力,您兼职的主要目的-积累工作经验，为就业做准备,您兼职的主要目的-满足个人爱好（旅行、游戏、恋爱等,您兼职的主要目的-充实业余时间?????,您兼职的主要目的-其他,您获得兼职信息的途径：-线下海报或广告,您获得兼职信息的途径：-专门中介机构,您获得兼职信息的途径：-老师或同学介绍,您获得兼职信息的途径：-网络信息?,您获得兼职信息的途径：-主动向招聘方询问,您获得兼职信息的途径：-其他,您倾向于何时兼职?.1,您当时的兼职月薪是？,本题检测是否认真作答，你如何看待大学生就业形势,您有过哪些被骗经历-网络兼职陷阱（刷单、打字、APP试玩点赞等）,您有过哪些被骗经历-中介坑骗,您有过哪些被骗经历-虚假招聘信息,您有过哪些被骗经历-拖欠工资,您有过哪些被骗经历-其他方式被骗,您有过哪些被骗经历-无被骗经历,您受骗后采取的措施是什么,通过兼职您有哪些收获-专业水平,通过兼职您有哪些收获-常用技能,通过兼职您有哪些收获-沟通交流,通过兼职您有哪些收获-人情世故,通过兼职您有哪些收获-忍耐毅力,通过兼职您有哪些收获-职场经验,通过兼职您有哪些收获-其他收获,您的父母对于兼职的态度是什么样的？,校内与校外兼职，您倾向于哪个？,您在寻找校内兼职过程中遇到的困难有？-校内兼职机会少,您在寻找校内兼职过程中遇到的困难有？-校内兼职信息闭塞,您在寻找校内兼职过程中遇到的困难有？-校内兼职报酬低,您在寻找校内兼职过程中遇到的困难有？-没有心仪的兼职岗位,您在寻找校内兼职过程中遇到的困难有？-其他,校园内服务性兼职和科研或助教岗位您倾向于哪一个,11.3您在寻找校外兼职过程中遇到的困难有？-校外兼职机会少,11.3您在寻找校外兼职过程中遇到的困难有？-校外兼职信息闭塞,11.3您在寻找校外兼职过程中遇到的困难有？-校外兼职报酬低,11.3您在寻找校外兼职过程中遇到的困难有？-没有心仪的兼职岗位,11.3您在寻找校外兼职过程中遇到的困难有？-距离、时间等原因,11.3您在寻找校外兼职过程中遇到的困难有？-其他,校园外兼职岗位您倾向于哪一个,是否进行过或者准备进行企业实习？,您获取实习招聘信息的主要途径？（选1?3个）-学校推荐,您获取实习招聘信息的主要途径？（选1?3个）-自己找中介,您获取实习招聘信息的主要途径？（选1?3个）-学姐学长内推,您获取实习招聘信息的主要途径？（选1?3个）-教育机构内推,您获取实习招聘信息的主要途径？（选1?3个）-自己关注企业招聘信息,您获取实习招聘信息的主要途径？（选1?3个）-其他,您的实习时间是多久呢？,对于实习选择来讲，什么是您最看重的呢？,您实习的地点在？,您做实习工作与您的专业相关性是？,您认为您的实习的时间一般多久为宜呢？,对于实习来讲，什么是您相对看重的呢？？,您实习的地点更看重什么呢？,您希望您的实习工作与您的专业相关性是？,您觉得兼职对学业的影响程度是？,经历过兼职之后您对兼职的态度是？,您认为在您从事兼职的过程中受到的待遇是否公平？,您遇到过哪些不公平现象？-分配不均,您遇到过哪些不公平现象？-专业质疑,您遇到过哪些不公平现象？-抢功背锅,您遇到过哪些不公平现象？-加班压榨,您遇到过哪些不公平现象？-刁难排挤???,您遇到过哪些不公平现象？-其他不公平现象,您遇到的兼职单位对大学生有些哪要求-性别要求,您遇到的兼职单位对大学生有些哪要求-专业要求,您遇到的兼职单位对大学生有些哪要求-技能要求?,您遇到的兼职单位对大学生有些哪要求-院校要求,您遇到的兼职单位对大学生有些哪要求-地区要求,您遇到的兼职单位对大学生有些哪要求-民族要求,您遇到的兼职单位对大学生有些哪要求-外貌要求,您遇到的兼职单位对大学生有些哪要求-其他要求,您认为兼职对以后的职业选择是否有帮助？,兼职后，对于以后职业选择的方向是,您认为您所在学校针对学生兼职问题 在以下哪些方面做的比较好？-提供很多兼职信息??,您认为您所在学校针对学生兼职问题 在以下哪些方面做的比较好？-设立了专门机构，规范校内外兼职招聘市场?,您认为您所在学校针对学生兼职问题 在以下哪些方面做的比较好？-帮助学生维护合法权益?,您认为您所在学校针对学生兼职问题 在以下哪些方面做的比较好？-提供许多校内的兼职岗位,您认为您所在学校针对学生兼职问题 在以下哪些方面做的比较好？-帮忙联系实习单位?,您认为您所在学校针对学生兼职问题 在以下哪些方面做的比较好？-不了解,您认为您所在学校针对学生兼职问题 在以下哪些方面做的比较好？-其他,在您看来，您的大学着重培养学生哪些方面的能力？-逻辑思维,在您看来，您的大学着重培养学生哪些方面的能力？-提升眼界,在您看来，您的大学着重培养学生哪些方面的能力？-专业知识,在您看来，您的大学着重培养学生哪些方面的能力？-专业技能应用,在您看来，您的大学着重培养学生哪些方面的能力？-德智体美劳全面发展,在您看来，您的大学着重培养学生哪些方面的能力？-其他能力,在您看来，招聘单位通常更青睐具备哪些特点的人才？-专业理论扎实,在您看来，招聘单位通常更青睐具备哪些特点的人才？-专业技能丰富,在您看来，招聘单位通常更青睐具备哪些特点的人才？-涉猎专业多元,在您看来，招聘单位通常更青睐具备哪些特点的人才？-较强的应变能力,您对未来工作的期望：
0,M6BPlr8M,yevljzV7,cdm****cB5Fs,2022-2-18 14:26,2022-2-18 14:29,229,1,NriUJr,大学生兼职调查,120.206.21.46,115.869905,28.718599,江西省,南昌市,MOBILE,Android,weixin,360px*800px,,女,豫章师范学院,大一,江西省，南昌市,否,无所谓,3,有过,1,0,1,1,0,1,1,1,1,0,寒暑假,3001?5000元,,,,,,,,,,,,,,,,,,,,,,,,,,,,非常不满意,,,,,,,,,,,,,,,,,,,,,,,,,,,,,,,,,,,,,,,,,,,,,,,,,,,,,,,,,,,,,,,,0,0,0,1,1,0,0,0,1,1,1,0,0,0,1,0,1,满足基本生活需要（满足日常基本的衣食住行和睡眠）
1,M9X0bxRe,8MZyPoDe,st***ene,2022-2-17 20:11,2022-2-17 20:16,315,1,NriUJr,大学生兼职调查,115.214.208.151,121.206921,30.154737,浙江省,宁波市,MOBILE,iOS,Apple WebKit,390px*844px,,女,浙江经济职业技术学院 商贸流通学院,大三,浙江省，杭州市,是,,,,,,,,,,,,,,,,,,,,,7-10份,0,0,1,0,1,1,0,1,1,1,0,0,0,1,0,0,0,1,0,寒暑假,3001?5000元,非常不满意,0,0,0,0,0,1,,0,1,1,1,1,1,0,支持,校外,,,,,,,1,0,1,1,1,0,时间短暂来钱快上手快的兼职,进行过,1,0,1,0,1,0,一到二个月,实习条件和薪资待遇,一线城市,较多联系,,,,,3,4,存在较少不公平现象,,,,,,,0,0,1,0,0,0,0,0,有一点帮助,正式职业不会选择少数做过的兼职,0,0,0,1,1,0,0,0,0,1,0,0,0,0,1,0,0,满足基本生活需要（满足日常基本的衣食住行和睡眠）
2,eyPbWYEL,WLGA3KpM,轻,2022-2-17 20:12,2022-2-17 20:15,182,1,NriUJr,大学生兼职调查,117.136.79.190,110.940801,21.683796,广东省,茂名市,MOBILE,iOS,Apple WebKit,375px*812px,,女,广东科学技术职业学院计算机工程技术学院,大二,广东省，茂名市,是,,,,,,,,,,,,,,,,,,,,,2-3份,0,0,1,1,0,1,0,1,1,0,0,0,0,1,0,1,0,1,0,周末,501-1000元,非常不满意,0,0,0,0,0,1,,0,0,1,1,1,1,0,支持,校内,1,1,0,0,0,助教、科研、实验室助手等?,,,,,,,,准备进行,,,,,,,,,,,二到四个月,与专业的相关性,一线城市,较多联系,5,5,存在较少不公平现象,,,,,,,0,1,1,0,0,0,0,0,有一点帮助,正式职业不会选择绝大多数做过的兼职,1,0,0,1,1,0,0,0,1,1,1,0,0,0,1,0,1,满足基本生活需要（满足日常基本的衣食住行和睡眠）
3,Mx2zW4mL,G7XDWb57,cdm****63TO1,2022-2-17 20:05,2022-2-17 20:10,281,1,NriUJr,大学生兼职调查,183.31.44.188,113.93105,23.12738,广东省,惠州市,COMPUTER,Windows,Chrome,1536px*864px,,男,广东东软学院信息管理,大二,广东省，惠州市,是,,,,,,,,,,,,,,,,,,,,,2-3份,0,0,1,0,0,1,0,1,0,0,0,1,0,0,0,1,1,1,0,周末,3001?5000元,非常不满意,0,0,0,0,0,1,,0,0,0,1,1,0,0,支持,校内,1,1,1,0,0,校内服务型兼职（餐厅兼职、校园推广等）,,,,,,,,暂时没有打算,,,,,,,,,,,,,,,5,5,公平,,,,,,,0,1,1,0,0,0,0,0,有一点帮助,正式职业不会选择绝大多数做过的兼职,1,0,1,1,0,0,0,1,1,0,1,0,0,1,1,0,1,满足自我实现需要（激发潜能，实现自己的价值）
4,M6BPbvRM,xLVv4gZL,L*L*,2022-2-17 20:04,2022-2-17 20:09,289,1,NriUJr,大学生兼职调查,113.77.45.169,113.871117,23.111558,广东省,东莞市,MOBILE,Android,weixin,393px*851px,,女,肇庆学院美术学院,大三,广东省，东莞市,是,,,,,,,,,,,,,,,,,,,,,1份,0,0,0,0,0,0,1,1,1,1,1,1,0,0,0,1,0,0,0,工作日,501-1000元,非常不满意,0,0,0,0,0,1,,1,0,0,1,1,1,0,支持,校内,1,0,1,1,0,助教、科研、实验室助手等?,,,,,,,,暂时没有打算,,,,,,,,,,,,,,,4,4,存在较多不公平现象,1,0,0,1,0,0,0,1,1,0,0,0,0,0,有一点帮助,正式职业希望继续从事兼职做过的职业,0,0,0,0,0,1,0,1,0,0,0,0,0,1,1,0,1,满足自我实现需要（激发潜能，实现自己的价值）
5,Lm9qAagL,0eyodBb7,cdm****TiIY4,2022-2-17 19:59,2022-2-17 20:04,329,1,NriUJr,大学生兼职调查,223.104.69.155,114.438089,23.032404,广东省,惠州市,MOBILE,Android,weixin,360px*803px,,女,河职院，老隆师范学院,大三,广东省，肇庆市,是,,,,,,,,,,,,,,,,,,,,,2-3份,1,0,1,0,0,0,0,1,1,0,0,0,0,0,0,1,0,0,0,周末,501-1000元,非常不满意,0,0,0,1,0,0,忍气吞声，自认倒霉,0,1,1,1,1,1,0,支持,校外,,,,,,,0,0,1,0,0,0,时间短暂来钱快上手快的兼职,准备进行,,,,,,,,,,,二到四个月,实习条件和薪资待遇,家乡城市,较多联系,6,5,存在较少不公平现象,,,,,,,1,1,1,0,0,0,0,0,有一点帮助,正式职业之外可以继续保持该兼职,1,0,0,0,0,0,0,0,0,1,1,0,0,1,1,0,1,满足基本生活需要（满足日常基本的衣食住行和睡眠）
6,en9gWGAL,J7qdk2gM,cdm****ldF2n,2022-2-17 19:37,2022-2-17 19:41,212,1,NriUJr,大学生兼职调查,112.18.126.63,105.670337,30.312443,四川省,遂宁市,MOBILE,Android,Chrome,360px*800px,,女,四川传媒大学,大一,四川省，遂宁市,否,推荐,3,有过,1,0,1,0,0,0,1,1,0,0,周末,501-1000元,,,,,,,,,,,,,,,,,,,,,,,,,,,,非常不满意,,,,,,,,,,,,,,,,,,,,,,,,,,,,,,,,,,,,,,,,,,,,,,,,,,,,,,,,,,,,,,,,0,0,1,1,0,0,0,0,0,1,1,1,0,1,1,0,1,满足自我实现需要（激发潜能，实现自己的价值）
7,MRD6Zn1L,z7l81g57,cdm****jmSdj,2022-2-17 18:12,2022-2-17 18:16,209,1,NriUJr,大学生兼职调查,124.238.15.114,116.18729,38.192619,河北省,沧州市,MOBILE,Android,weixin,360px*800px,,女,三亚学院 信智学院,大二,河北省，沧州市,是,,,,,,,,,,,,,,,,,,,,,10份以上,0,0,1,1,0,0,0,1,1,1,0,1,0,0,0,1,1,0,0,节假日,1001?2000元,非常不满意,0,0,0,0,0,1,,0,1,1,1,1,0,0,支持,校外,,,,,,,1,1,1,1,1,0,实习、研发等与专业相关、有一定难度的兼职?,准备进行,,,,,,,,,,,二到四个月,与专业的相关性,一线城市,密切密切,4,7,存在较少不公平现象,,,,,,,1,0,1,1,1,0,1,0,有一点帮助,正式职业不会选择少数做过的兼职,0,0,1,1,0,0,0,0,0,1,0,1,0,0,1,1,1,满足自我实现需要（激发潜能，实现自己的价值）
8,e8YAoQrM,kMrJYr5M,F*an,2022-2-17 18:08,2022-2-17 18:12,252,1,NriUJr,大学生兼职调查,112.38.136.171,118.014894,36.783147,山东省,淄博市,MOBILE,Android,Chrome,393px*873px,,男,UDLS商学院,大三,山东省，淄博市,是,,,,,,,,,,,,,,,,,,,,,4-7份,1,0,1,0,0,1,0,1,1,1,0,1,0,1,0,1,0,1,0,寒暑假,3001?5000元,非常不满意,0,0,0,0,0,1,,1,0,1,0,1,1,0,支持,校内,1,1,1,1,0,助教、科研、实验室助手等?,,,,,,,,暂时没有打算,,,,,,,,,,,,,,,5,6,存在较少不公平现象,,,,,,,0,1,1,0,0,0,0,1,很有帮助,正式职业不会选择少数做过的兼职,0,0,1,1,0,0,0,1,1,0,1,0,0,0,1,0,1,满足自我实现需要（激发潜能，实现自己的价值）
9,M1KAza2L,z7AVlpDL,cdm****J8x27,2022-2-17 17:42,2022-2-17 17:45,199,1,NriUJr,大学生兼职调查,117.136.82.207,106.053659,30.740444,四川省,南充市,MOBILE,Android,weixin,393px*830px,,女,内江师范学院政治与公共管理学院,大三,四川省，南充市,是,,,,,,,,,,,,,,,,,,,,,1份,0,0,1,0,0,1,0,1,0,0,0,1,0,1,0,1,1,0,0,周末,500元及以下,非常不满意,0,0,0,0,0,1,,0,0,0,1,1,0,0,支持,校外,,,,,,,1,1,0,0,1,0,时间短暂来钱快上手快的兼职,暂时没有打算,,,,,,,,,,,,,,,5,6,存在较多不公平现象,1,0,0,1,0,0,1,0,1,1,1,0,0,0,有一点帮助,正式职业不会选择绝大多数做过的兼职,0,0,0,1,0,0,0,1,1,0,0,1,0,0,1,1,1,满足安全需要（工作稳定，很少有焦虑）
10,LGBAk6p7,27a6oAwL,cdm****HlFrm,2022-2-17 17:09,2022-2-17 17:14,324,1,NriUJr,大学生兼职调查,223.88.70.158,113.657206,34.52131,河南省,郑州市,MOBILE,Android,weixin,393px*851px,,女,洛阳理工学院 土木工程学院,大四,河南省，周口市,是,,,,,,,,,,,,,,,,,,,,,2-3份,1,1,1,0,0,0,0,1,1,1,0,0,0,0,0,1,0,1,0,周末,501-1000元,非常不满意,0,0,0,0,0,1,,1,0,1,0,1,0,0,支持,校内,1,0,1,0,0,助教、科研、实验室助手等?,,,,,,,,进行过,1,0,0,0,1,0,四到六个月,与专业的相关性,学校所在城市,密切密切,,,,,7,7,存在较少不公平现象,,,,,,,1,1,1,0,0,0,0,0,有一点帮助,正式职业不会选择绝大多数做过的兼职,0,0,1,1,1,0,0,0,1,1,1,0,0,1,1,0,1,满足基本生活需要（满足日常基本的衣食住行和睡眠）
11,Mr5nEope,Ke5NgxKM,cdm****fJOxQ,2022-2-17 16:36,2022-2-17 16:40,182,1,NriUJr,大学生兼职调查,125.43.97.190,112.43642,34.41786,河南省,洛阳市,MOBILE,Android,Chrome,360px*640px,,女,洛阳师范学校,大二,河南省，洛阳市,否,推荐,6,有过,1,1,0,1,0,1,0,1,1,0,工作日,3001?5000元,,,,,,,,,,,,,,,,,,,,,,,,,,,,非常不满意,,,,,,,,,,,,,,,,,,,,,,,,,,,,,,,,,,,,,,,,,,,,,,,,,,,,,,,,,,,,,,,,1,1,0,0,1,0,0,0,0,1,0,1,0,1,1,0,1,满足安全需要（工作稳定，很少有焦虑）
12,7qXdEz6M,5LwDD32e,cdm****alHCG,2022-2-17 16:25,2022-2-17 16:31,341,1,NriUJr,大学生兼职调查,110.7.172.156,118.68774,42.30527,内蒙古自治区,赤峰市,MOBILE,Android,Chrome,360px*800px,,男,河北外国语学院,大四,内蒙古自治区，赤峰市,是,,,,,,,,,,,,,,,,,,,,,2-3份,0,0,1,1,0,0,0,0,1,0,0,1,0,0,1,1,1,0,0,寒暑假,1001?2000元,非常不满意,0,0,0,0,0,1,,0,0,1,1,0,0,0,支持,校外,,,,,,,0,0,1,0,0,0,时间短暂来钱快上手快的兼职,进行过,0,0,1,0,1,0,二到四个月,公司层次和品牌形象,家乡城市,较少联系,,,,,5,5,公平,,,,,,,1,0,0,0,0,0,1,0,有一点帮助,正式职业不会选择绝大多数做过的兼职,1,1,1,0,0,0,0,0,0,0,1,1,0,1,1,0,1,满足安全需要（工作稳定，很少有焦虑）
13,epD4Ep8e,JekDj9jM,cdm****LwG92,2022-2-17 16:18,2022-2-17 16:22,236,1,NriUJr,大学生兼职调查,120.219.6.10,114.89947,32.00925,河南省,信阳市,MOBILE,Android,Chrome,393px*873px,,女,驻马店职业技术学院,大二,河南省，信阳市,是,,,,,,,,,,,,,,,,,,,,,2-3份,0,0,1,1,0,1,0,1,0,1,1,0,0,1,0,1,0,1,0,周末,1001?2000元,非常不满意,1,1,0,0,0,0,向相关部门投诉,0,0,1,1,1,1,0,支持,校外,,,,,,,0,0,1,1,1,0,时间短暂来钱快上手快的兼职,准备进行,,,,,,,,,,,二到四个月,与专业的相关性,学校所在城市,较多联系,6,7,存在较少不公平现象,,,,,,,0,1,1,0,1,0,0,0,很有帮助,正式职业希望继续从事兼职做过的职业,1,0,1,1,0,0,0,1,0,1,1,0,0,1,0,1,1,满足安全需要（工作稳定，很少有焦虑）
14,M9X01X4e,0eybdEPM,著名***定家,2022-2-17 16:13,2022-2-17 16:16,170,1,NriUJr,大学生兼职调查,1.89.126.62,116.084253,39.948033,北京市,市辖区,MOBILE,Android,weixin,360px*748px,,女,北京城市学院城建学部,大三,北京市，市辖区,是,,,,,,,,,,,,,,,,,,,,,1份,1,0,0,0,0,0,0,1,0,0,0,0,0,0,0,1,1,0,0,寒暑假,1001?2000元,非常不满意,0,0,0,0,0,1,,0,0,1,1,1,0,0,中立,校外,,,,,,,1,0,1,0,1,0,时间短暂来钱快上手快的兼职,暂时没有打算,,,,,,,,,,,,,,,3,3,存在较多不公平现象,0,0,0,0,1,0,1,0,1,0,0,0,0,0,有一点帮助,正式职业不会选择绝大多数做过的兼职,0,0,1,1,0,0,0,1,0,1,0,0,0,1,0,1,0,有归属感和社交（单位氛围暖心，与同事关系融洽）
15,7KvO1gGM,37Kxy6vL,cdm****VUdaY,2022-2-17 13:33,2022-2-17 13:36,141,1,NriUJr,大学生兼职调查,144.52.143.100,118.422707,35.581683,山东省,临沂市,MOBILE,Android,weixin,360px*800px,,女,泰山学院，数学与统计学院,大三,山东省，济宁市,是,,,,,,,,,,,,,,,,,,,,,2-3份,1,0,0,0,0,0,0,1,1,0,0,1,0,0,0,1,1,0,0,寒暑假,1001?2000元,非常不满意,0,0,0,0,0,1,,0,1,1,0,0,1,0,支持,校内,0,0,1,1,0,助教、科研、实验室助手等?,,,,,,,,准备进行,,,,,,,,,,,二到四个月,与专业的相关性,学校所在城市,密切密切,5,6,存在较少不公平现象,,,,,,,0,1,1,1,0,0,0,0,很有帮助,正式职业之外可以继续保持该兼职,0,1,1,0,0,0,0,0,1,1,1,0,0,0,1,1,0,有归属感和社交（单位氛围暖心，与同事关系融洽）
16,7BGO9VKL,5LwbQ3q7,cdm****4snn4,2022-2-17 13:01,2022-2-17 13:08,398,1,NriUJr,大学生兼职调查,183.199.168.35,115.86871,37.39186,河北省,衡水市,MOBILE,Android,weixin,393px*851px,,女,河北科技 化工,大三,河北省，衡水市,是,,,,,,,,,,,,,,,,,,,,,2-3份,0,0,1,0,0,1,0,1,0,0,0,1,0,0,0,1,0,0,0,周末,500元及以下,非常不满意,1,0,0,0,0,0,忍气吞声，自认倒霉,0,0,1,1,0,0,0,中立,校内,1,1,1,1,0,助教、科研、实验室助手等?,,,,,,,,准备进行,,,,,,,,,,,一到二个月,与专业的相关性,学校所在城市,较多联系,6,6,存在较少不公平现象,,,,,,,0,1,1,0,0,0,0,0,有一点帮助,正式职业不会选择绝大多数做过的兼职,0,1,0,0,0,0,0,0,1,0,1,0,0,1,0,1,1,满足自我实现需要（激发潜能，实现自己的价值）
17,7aQnrJ67,2MdqbnN7,cdm****32f27,2022-2-17 13:01,2022-2-17 13:05,256,1,NriUJr,大学生兼职调查,111.19.99.218,108.076702,34.282163,陕西省,咸阳市,MOBILE,Android,weixin,393px*851px,,女,陕西学前师范学院,大二,陕西省，西安市,是,,,,,,,,,,,,,,,,,,,,,4-7份,0,1,1,1,0,1,0,1,1,1,0,0,0,1,0,1,1,1,0,寒暑假,500元及以下,非常不满意,0,0,0,0,0,1,,1,1,1,1,0,1,0,支持,校外,,,,,,,1,0,0,0,1,0,实习、研发等与专业相关、有一定难度的兼职?,暂时没有打算,,,,,,,,,,,,,,,5,6,公平,,,,,,,0,1,1,0,1,0,0,0,很有帮助,正式职业希望继续从事兼职做过的职业,0,0,0,0,0,1,0,0,0,1,1,1,0,1,1,1,0,满足自我实现需要（激发潜能，实现自己的价值）
18,LQ8moAA7,5Lmq0EDL,cdm****btvux,2022-2-17 13:01,2022-2-17 13:04,176,1,NriUJr,大学生兼职调查,110.231.160.242,118.9676,39.4351,河北省,唐山市,MOBILE,Android,weixin,360px*800px,,女,河北民族师范学院,大二,河北省，唐山市,是,,,,,,,,,,,,,,,,,,,,,2-3份,0,1,0,0,0,0,1,1,1,1,0,1,1,0,0,1,1,0,1,寒暑假,500元及以下,非常不满意,0,0,0,0,0,1,,1,1,1,1,1,1,1,支持,校内,1,0,1,1,0,校内服务型兼职（餐厅兼职、校园推广等）,,,,,,,,暂时没有打算,,,,,,,,,,,,,,,6,6,存在较少不公平现象,,,,,,,0,1,1,1,0,0,0,0,很有帮助,正式职业之外可以继续保持该兼职,0,0,0,0,1,0,0,0,0,1,1,0,0,0,1,0,1,满足安全需要（工作稳定，很少有焦虑）
19,en9gjkAL,5LwadnMl,cdm****tfZU5,2022-2-17 12:48,2022-2-17 12:52,199,1,NriUJr,大学生兼职调查,112.224.21.252,116.576124,35.343176,山东省,济宁市,MOBILE,Android,weixin,360px*780px,,男,济宁医学院口腔医学,大二,山东省，济宁市,是,,,,,,,,,,,,,,,,,,,,,2-3份,0,0,1,0,0,1,0,1,0,0,0,0,0,0,0,1,0,0,0,周末,1001?2000元,非常不满意,1,0,0,1,1,0,忍气吞声，自认倒霉,0,0,0,1,1,1,0,支持,校外,,,,,,,0,0,1,0,1,0,时间短暂来钱快上手快的兼职,进行过,1,0,1,1,0,0,大于六个月,实习条件和薪资待遇,学校所在城市,较多联系,,,,,4,3,存在较多不公平现象,1,0,1,1,0,0,1,0,0,0,0,0,0,0,有一点帮助,正式职业不会选择少数做过的兼职,0,1,1,1,0,0,0,1,1,0,0,0,0,0,1,0,0,有归属感和社交（单位氛围暖心，与同事关系融洽）
20,M9X0Pjze,aMgOb2yM,cdm****kgX2X,2022-2-17 12:25,2022-2-17 12:28,172,1,NriUJr,大学生兼职调查,123.152.221.49,121.65305,29.828562,浙江省,宁波市,MOBILE,Android,weixin,360px*800px,,女,中农英语,大一,浙江省，台州市,是,,,,,,,,,,,,,,,,,,,,,2-3份,1,1,1,0,0,0,0,1,0,1,0,1,0,0,0,1,0,0,1,寒暑假,1001?2000元,非常不满意,0,0,0,0,1,0,忍气吞声，自认倒霉,0,1,0,1,1,0,0,支持,校外,,,,,,,0,0,0,1,1,0,实习、研发等与专业相关、有一定难度的兼职?,准备进行,,,,,,,,,,,一到二个月,实习条件和薪资待遇,学校所在城市,较多联系,5,5,存在较少不公平现象,,,,,,,1,1,1,0,0,0,1,0,有一点帮助,正式职业不会选择绝大多数做过的兼职,1,1,1,1,1,0,0,0,0,1,1,1,0,0,1,1,1,满足安全需要（工作稳定，很少有焦虑）
21,L0mD9y0e,o7jRrkm7,cdm****lthuU,2022-2-17 12:25,2022-2-17 12:28,199,1,NriUJr,大学生兼职调查,171.34.214.0,115.984233,28.635188,江西省,南昌市,MOBILE,Android,weixin,360px*800px,,女,萍乡学院初等教育学院,大二,江西省，南昌市,是,,,,,,,,,,,,,,,,,,,,,2-3份,1,0,1,0,0,1,0,1,1,1,0,1,0,1,1,1,0,0,0,寒暑假,2001-3000 元,非常不满意,0,0,0,0,0,1,,1,1,1,0,0,0,0,支持,校外,,,,,,,0,0,0,1,1,0,实习、研发等与专业相关、有一定难度的兼职?,准备进行,,,,,,,,,,,二到四个月,与专业的相关性,家乡城市,密切密切,6,6,公平,,,,,,,0,1,1,0,0,0,0,0,很有帮助,正式职业之外可以继续保持该兼职,1,1,1,0,1,0,0,0,0,1,1,1,0,0,1,1,1,满足自我实现需要（激发潜能，实现自己的价值）
22,7AxO9aQM,yevkAXM9,cdm****ZTVUp,2022-2-17 12:19,2022-2-17 12:22,199,1,NriUJr,大学生兼职调查,39.184.14.223,121.208114,29.053324,浙江省,台州市,MOBILE,iOS,Apple WebKit,414px*896px,,男,浙江工贸职业技术学院,大二,浙江省，台州市,是,,,,,,,,,,,,,,,,,,,,,4-7份,0,0,1,0,1,1,0,0,1,1,1,0,0,0,0,1,0,1,0,寒暑假,2001-3000 元,非常不满意,0,0,0,0,0,1,,0,1,1,0,1,0,0,支持,校外,,,,,,,1,0,1,0,1,0,实习、研发等与专业相关、有一定难度的兼职?,准备进行,,,,,,,,,,,二到四个月,与专业的相关性,家乡城市,较多联系,5,6,存在较少不公平现象,,,,,,,0,1,1,0,0,0,0,0,很有帮助,正式职业不会选择绝大多数做过的兼职,0,0,0,1,1,0,0,0,1,1,0,1,0,0,1,1,0,满足基本生活需要（满足日常基本的衣食住行和睡眠）
23,MgErqYyL,nePPo6ve,cdm****HuGEq,2022-2-17 12:16,2022-2-17 12:21,257,1,NriUJr,大学生兼职调查,112.233.45.206,118.59132,35.120845,山东省,临沂市,MOBILE,Android,weixin,360px*780px,,女,山财公共管理学院,研三,山东省，临沂市,是,,,,,,,,,,,,,,,,,,,,,1份,0,0,0,0,0,0,1,0,1,0,0,0,0,0,0,1,0,0,0,寒暑假,500元及以下,非常不满意,1,0,0,0,0,0,忍气吞声，自认倒霉,0,1,1,1,0,1,0,中立,校外,,,,,,,0,1,0,0,1,0,实习、研发等与专业相关、有一定难度的兼职?,暂时没有打算,,,,,,,,,,,,,,,3,5,存在较少不公平现象,,,,,,,1,0,1,1,0,0,0,0,有一点帮助,正式职业之外可以继续保持该兼职,0,0,0,0,0,1,0,1,1,0,1,0,0,1,1,0,1,满足自我实现需要（激发潜能，实现自己的价值）
24,Mr5nO4ye,nePxK2Ae,cdm****TwlLs,2022-2-17 12:14,2022-2-17 12:20,380,1,NriUJr,大学生兼职调查,223.73.10.191,116.764682,23.465447,广东省,汕头市,MOBILE,Android,weixin,360px*800px,,女,仲恺农业工程学院信息科学与技术学院,大二,广东省，广州市,是,,,,,,,,,,,,,,,,,,,,,4-7份,1,0,1,1,0,0,0,1,1,0,0,1,0,0,0,1,0,1,0,周末,3001?5000元,非常不满意,1,0,0,0,0,0,忍气吞声，自认倒霉,0,1,0,1,1,0,0,支持,校内,1,0,1,0,0,助教、科研、实验室助手等?,,,,,,,,准备进行,,,,,,,,,,,二到四个月,与专业的相关性,学校所在城市,较多联系,4,5,公平,,,,,,,0,1,1,0,0,0,0,0,有一点帮助,正式职业不会选择绝大多数做过的兼职,0,1,1,0,1,0,0,1,0,1,1,0,0,0,1,1,0,满足自我实现需要（激发潜能，实现自己的价值）
25,Mo12aqnL,8MZNE9KM,cdm****vZO5K,2022-2-17 12:13,2022-2-17 12:20,388,1,NriUJr,大学生兼职调查,111.58.168.237,110.309886,24.946741,广西壮族自治区,桂林市,MOBILE,Android,weixin,393px*873px,,女,广西财经学院,大二,广西壮族自治区，桂林市,是,,,,,,,,,,,,,,,,,,,,,1份,0,0,1,0,0,0,0,1,1,0,0,1,0,0,0,0,0,0,1,寒暑假,501-1000元,非常不满意,0,0,0,0,0,1,,0,0,1,1,1,0,0,中立,校外,,,,,,,0,0,1,0,1,0,实习、研发等与专业相关、有一定难度的兼职?,准备进行,,,,,,,,,,,一到二个月,实习条件和薪资待遇,学校所在城市,较多联系,5,5,存在较少不公平现象,,,,,,,0,1,1,1,0,0,0,0,很有帮助,正式职业之外可以继续保持该兼职,0,1,0,1,0,0,0,1,0,0,1,1,0,1,1,0,1,满足安全需要（工作稳定，很少有焦虑）
26,e8YA9oBM,27azKqbL,cdm****YeC0Q,2022-2-17 12:07,2022-2-17 12:12,316,1,NriUJr,大学生兼职调查,171.109.168.164,108.827446,23.218437,广西壮族自治区,南宁市,MOBILE,Android,Chrome,360px*780px,,女,桂林航天工业学院；管理学院,大四,广西壮族自治区，南宁市,是,,,,,,,,,,,,,,,,,,,,,2-3份,0,0,1,0,1,0,0,1,1,1,1,1,0,1,1,1,1,1,0,寒暑假,2001-3000 元,非常不满意,0,1,1,0,0,0,寻求家长、老师帮助,0,0,1,1,1,1,0,支持,校外,,,,,,,1,1,1,1,1,0,实习、研发等与专业相关、有一定难度的兼职?,进行过,0,0,1,0,1,0,一到二个月,公司层次和品牌形象,家乡城市,较多联系,,,,,5,6,存在较少不公平现象,,,,,,,1,1,1,1,0,0,1,0,很有帮助,正式职业希望继续从事兼职做过的职业,0,0,1,1,1,0,0,0,0,1,1,1,0,0,1,1,1,满足自我实现需要（激发潜能，实现自己的价值）
27,M28A9DkL,o7jJzXm7,好多***?,2022-2-17 12:07,2022-2-17 12:08,74,1,NriUJr,大学生兼职调查,223.73.167.121,110.24485,21.37868,广东省,湛江市,MOBILE,Android,Chrome,393px*873px,,男,仲恺农业工程学院，统计学,大三,广东省，湛江市,是,,,,,,,,,,,,,,,,,,,,,1份,0,0,0,1,0,0,0,0,0,1,1,0,0,0,1,1,0,0,0,周末,500元及以下,非常不满意,0,0,1,0,1,0,忍气吞声，自认倒霉,0,0,1,0,1,0,0,中立,校外,,,,,,,1,0,0,1,0,0,实习、研发等与专业相关、有一定难度的兼职?,准备进行,,,,,,,,,,,二到四个月,与专业的相关性,学校所在城市,较少联系,5,2,存在较多不公平现象,0,0,1,0,1,0,0,0,1,0,1,0,1,0,有一点帮助,正式职业不会选择少数做过的兼职,0,0,1,1,0,0,0,0,0,1,1,0,0,0,0,1,0,有归属感和社交（单位氛围暖心，与同事关系融洽）
28,7lO8nmWM,5LmKREpM,踏*?梅,2022-2-17 11:56,2022-2-17 12:02,343,1,NriUJr,大学生兼职调查,183.147.171.223,120.249241,29.261135,浙江省,金华市,MOBILE,iOS,Apple WebKit,390px*844px,,男,宁波财经学院  财富管理学院,大四,浙江省，金华市,是,,,,,,,,,,,,,,,,,,,,,1份,0,0,0,0,1,0,0,0,1,1,0,0,0,1,0,0,1,0,0,寒暑假,1001?2000元,非常不满意,0,0,0,0,0,1,,1,0,0,1,0,1,0,支持,校外,,,,,,,0,0,0,1,1,0,实习、研发等与专业相关、有一定难度的兼职?,进行过,1,0,0,0,1,0,一到二个月,公司层次和品牌形象,家乡城市,较多联系,,,,,6,5,存在较少不公平现象,,,,,,,1,1,1,0,1,0,0,0,有一点帮助,正式职业不会选择少数做过的兼职,0,1,0,1,0,0,0,0,1,1,1,0,0,1,1,0,0,满足自我实现需要（激发潜能，实现自己的价值）
29,7YpQz9ZM,J7BOGB1L,cdm****97aac,2022-2-17 11:53,2022-2-17 12:00,423,1,NriUJr,大学生兼职调查,120.231.11.100,110.10421,20.797076,广东省,湛江市,MOBILE,Android,weixin,360px*780px,,男,东莞市职业技术学院,大一,广东省，东莞市,是,,,,,,,,,,,,,,,,,,,,,2-3份,0,0,0,1,1,1,0,1,1,1,1,0,0,0,0,1,0,1,0,寒暑假,1001?2000元,非常不满意,1,1,1,0,0,0,向相关部门投诉,1,1,0,0,0,1,0,中立,校内,1,0,0,0,0,校内服务型兼职（餐厅兼职、校园推广等）,,,,,,,,进行过,1,0,0,0,1,0,四到六个月,实习条件和薪资待遇,学校所在城市,较少联系,,,,,5,5,存在较少不公平现象,,,,,,,0,1,1,0,0,0,0,0,有一点帮助,正式职业希望继续从事兼职做过的职业,1,1,1,1,1,0,0,0,1,1,1,0,0,1,1,0,1,满足自我实现需要（激发潜能，实现自己的价值）
30,7YpQz9aM,aMgOxVyM,cdm****7u102,2022-2-17 11:54,2022-2-17 11:58,229,1,NriUJr,大学生兼职调查,223.96.183.40,115.497482,35.273214,山东省,菏泽市,MOBILE,Android,weixin,360px*770px,,女,河南护理职业学院,大三,河南省，商丘市,是,,,,,,,,,,,,,,,,,,,,,1份,0,0,0,0,1,0,0,0,1,0,0,0,0,0,0,1,0,0,0,寒暑假,500元及以下,非常不满意,0,0,0,0,0,1,,1,0,0,0,0,0,0,支持,校外,,,,,,,1,0,0,0,0,0,实习、研发等与专业相关、有一定难度的兼职?,进行过,1,1,0,0,0,0,四到六个月,公司层次和品牌形象,其他城市,密切密切,,,,,7,6,公平,,,,,,,0,1,0,0,0,0,0,0,很有帮助,正式职业希望继续从事兼职做过的职业,1,0,0,0,0,0,0,1,0,1,1,0,0,1,1,0,0,满足基本生活需要（满足日常基本的衣食住行和睡眠）
31,LVJryOlL,ve8ADJzM,小*,2022-2-16 17:38,2022-2-16 17:41,154,1,NriUJr,大学生兼职调查,223.147.93.152,113.867848,28.677602,湖南省,岳阳市,MOBILE,Android,Chrome,360px*800px,,男,湖南工学院化学环境与工程学院,大一,湖南省，岳阳市,是,,,,,,,,,,,,,,,,,,,,,1份,0,0,1,0,0,0,0,1,1,0,0,1,0,0,0,1,0,1,0,周末,500元及以下,非常不满意,1,0,0,0,0,0,忍气吞声，自认倒霉,0,0,1,0,1,0,0,中立,校外,,,,,,,0,0,0,1,1,0,实习、研发等与专业相关、有一定难度的兼职?,准备进行,,,,,,,,,,,一个月,实习条件和薪资待遇,一线城市,较多联系,5,4,存在较少不公平现象,,,,,,,0,1,1,0,1,0,0,0,有一点帮助,正式职业不会选择绝大多数做过的兼职,1,1,1,0,1,0,0,0,0,1,1,1,0,1,1,0,1,满足自我实现需要（激发潜能，实现自己的价值）
32,M1KAQQzL,p7YQOql7,i**er,2022-2-16 17:28,2022-2-16 17:30,162,1,NriUJr,大学生兼职调查,223.104.20.98,115.055227,30.239121,湖北省,黄石市,MOBILE,iOS,Apple WebKit,375px*812px,,女,武汉城市学院,大一,湖北省，黄石市,是,,,,,,,,,,,,,,,,,,,,,1份,1,0,0,0,0,0,0,1,0,0,0,0,0,0,0,1,0,0,0,周末,1001?2000元,非常不满意,0,0,0,0,0,1,,1,1,1,0,1,0,0,支持,校内,1,0,0,0,0,助教、科研、实验室助手等?,,,,,,,,准备进行,,,,,,,,,,,一到二个月,实习条件和薪资待遇,学校所在城市,密切密切,5,5,公平,,,,,,,1,1,1,1,0,0,0,0,很有帮助,正式职业希望继续从事兼职做过的职业,0,0,0,0,0,1,0,0,0,1,1,0,0,1,0,1,1,有归属感和社交（单位氛围暖心，与同事关系融洽）
33,7AxO0DrM,5LmodpxM,比*金,2022-2-16 17:17,2022-2-16 17:21,257,1,NriUJr,大学生兼职调查,123.180.39.227,114.710264,37.423666,河北省,邢台市,MOBILE,Android,Chrome,360px*800px,,女,承德医学院,研二,河北省，邢台市,是,,,,,,,,,,,,,,,,,,,,,2-3份,0,0,1,0,1,0,0,1,1,1,0,0,0,0,0,1,0,1,0,寒暑假,500元及以下,非常不满意,0,0,0,0,0,1,,0,0,1,1,1,1,0,支持,校内,0,0,1,0,0,助教、科研、实验室助手等?,,,,,,,,进行过,1,0,1,0,1,0,四到六个月,与专业的相关性,一线城市,密切密切,,,,,5,3,存在较多不公平现象,0,0,0,1,1,0,1,1,1,0,0,0,1,0,有一点帮助,正式职业之外可以继续保持该兼职,1,0,0,0,1,0,0,0,1,1,1,0,0,1,1,0,1,受到尊重（工作体面有尊严
34,L0mDkvRe,G7XJowBe,cdm****x1IN7,2022-2-16 17:14,2022-2-16 17:19,305,1,NriUJr,大学生兼职调查,118.115.72.159,104.0423792,30.5427919,四川省,成都市,MOBILE,iOS,weixin,414px*736px,,女,川北医学院,大二,四川省，成都市,是,,,,,,,,,,,,,,,,,,,,,1份,0,0,1,0,0,0,0,1,1,1,1,0,0,1,0,1,0,0,0,寒暑假,1001?2000元,非常不满意,0,0,0,0,0,1,,1,1,1,1,0,0,0,支持,校内,0,1,0,0,0,校内服务型兼职（餐厅兼职、校园推广等）,,,,,,,,准备进行,,,,,,,,,,,一到二个月,与专业的相关性,一线城市,较多联系,5,6,存在较少不公平现象,,,,,,,0,1,1,0,1,0,0,0,有一点帮助,正式职业不会选择绝大多数做过的兼职,0,1,1,0,0,0,0,1,1,1,0,0,0,1,1,0,0,受到尊重（工作体面有尊严
35,7BGOZXEL,qM6wjyd7,地**一样,2022-2-16 17:08,2022-2-16 17:15,434,1,NriUJr,大学生兼职调查,39.144.178.176,114.12342,33.522184,河南省,漯河市,MOBILE,Android,weixin,393px*873px,,女,河南护理职业学院,大三,河南省，漯河市,是,,,,,,,,,,,,,,,,,,,,,1份,0,0,0,0,1,0,0,0,1,1,0,0,0,0,0,1,0,0,1,工作日,500元及以下,非常不满意,1,0,0,0,0,0,向相关部门投诉,1,0,1,0,0,1,0,中立,校内,1,0,0,0,0,校内服务型兼职（餐厅兼职、校园推广等）,,,,,,,,进行过,1,0,0,0,0,0,大于六个月,与专业的相关性,其他城市,较多联系,,,,,5,5,公平,,,,,,,0,1,0,1,0,0,0,0,很有帮助,正式职业之外可以继续保持该兼职,1,0,0,0,1,0,0,0,1,1,1,0,0,1,1,0,1,满足基本生活需要（满足日常基本的衣食住行和睡眠）
36,LwPDz8Ye,xMo2nO6e,cdm****mW0vB,2022-2-16 17:03,2022-2-16 17:11,461,1,NriUJr,大学生兼职调查,112.44.42.157,106.8212586,32.3008072,四川省,巴中市,MOBILE,iOS,weixin,414px*896px,,女,四川工业科技学校电子信息与计算机工程学院,大四,四川省，巴中市,是,,,,,,,,,,,,,,,,,,,,,2-3份,0,1,1,0,1,0,0,1,1,1,0,1,0,1,1,1,1,1,0,节假日,500元及以下,非常不满意,1,0,0,0,0,0,忍气吞声，自认倒霉,1,1,1,1,1,1,0,中立,校内,1,1,1,1,0,助教、科研、实验室助手等?,,,,,,,,准备进行,,,,,,,,,,,一到二个月,实习条件和薪资待遇,家乡城市,较少联系,6,3,存在较少不公平现象,,,,,,,1,1,1,0,0,1,1,0,有一点帮助,正式职业不会选择少数做过的兼职,1,1,1,1,0,0,0,1,1,0,1,0,0,1,1,0,1,满足基本生活需要（满足日常基本的衣食住行和睡眠）
37,e8YAdNWM,AM90bnRe,h*lo,2022-2-16 16:55,2022-2-16 17:10,885,1,NriUJr,大学生兼职调查,125.81.178.184,107.810305,29.32705,重庆市,市辖区,MOBILE,Android,weixin,381px*824px,,女,长江师范学院传媒学院,大二,重庆市，市辖区,是,,,,,,,,,,,,,,,,,,,,,2-3份,0,0,1,1,0,0,0,1,1,0,0,1,0,0,1,0,1,1,1,寒暑假,2001-3000 元,非常不满意,1,1,0,1,0,0,寻求家长、老师帮助,0,0,1,1,1,1,0,支持,校外,,,,,,,0,0,1,1,1,0,时间短暂来钱快上手快的兼职,准备进行,,,,,,,,,,,二到四个月,实习条件和薪资待遇,家乡城市,较少联系,5,7,存在较少不公平现象,,,,,,,0,0,1,0,1,0,0,1,有一点帮助,正式职业不会选择绝大多数做过的兼职,0,0,0,1,1,0,1,0,0,1,1,0,0,0,1,0,1,满足自我实现需要（激发潜能，实现自己的价值）
38,LQ8mXWb7,z7AO0X6e,cdm****jfgCP,2022-2-16 17:08,2022-2-16 17:10,91,1,NriUJr,大学生兼职调查,122.136.134.155,128.2167861,43.3598148,吉林省,延边朝鲜族自治州,MOBILE,iOS,weixin,390px*844px,,女,吉林工商学院,大一,吉林省，延边朝鲜族自治州,否,非常赞同,6,有过,1,0,1,0,0,0,1,1,1,0,寒暑假,3001?5000元,,,,,,,,,,,,,,,,,,,,,,,,,,,,非常不满意,,,,,,,,,,,,,,,,,,,,,,,,,,,,,,,,,,,,,,,,,,,,,,,,,,,,,,,,,,,,,,,,1,0,0,0,0,1,0,0,0,1,1,1,0,1,0,1,1,满足自我实现需要（激发潜能，实现自己的价值）
39,Mo12lOKL,Bep5gAxM,cdm****edw2B,2022-2-16 16:50,2022-2-16 16:54,212,1,NriUJr,大学生兼职调查,120.236.174.162,113.387231,23.062017,广东省,广州市,MOBILE,Android,weixin,363px*797px,,女,中大管院,大四,广东省，佛山市,是,,,,,,,,,,,,,,,,,,,,,1份,0,0,0,0,1,0,0,1,1,1,0,1,0,0,0,1,1,0,0,工作日,2001-3000 元,非常不满意,0,0,0,0,1,0,忍气吞声，自认倒霉,1,1,1,1,0,1,0,支持,校内,1,0,0,1,0,助教、科研、实验室助手等?,,,,,,,,进行过,0,0,1,0,1,0,二到四个月,实习条件和薪资待遇,一线城市,较多联系,,,,,6,6,公平,,,,,,,0,1,1,1,0,0,0,0,有一点帮助,正式职业希望继续从事兼职做过的职业,0,1,0,1,0,0,0,1,0,1,1,0,0,0,1,0,1,有归属感和社交（单位氛围暖心，与同事关系融洽）
40,e3BAA9RL,VMJY6Zme,cdm****PvAbc,2022-2-16 16:40,2022-2-16 16:47,384,1,NriUJr,大学生兼职调查,182.105.219.99,114.303849,25.694888,江西省,赣州市,MOBILE,Android,weixin,360px*640px,,女,九江学院化工学院,大四,江西省，赣州市,是,,,,,,,,,,,,,,,,,,,,,1份,0,0,1,0,0,0,0,1,1,0,0,0,0,1,0,1,1,0,1,寒暑假,501-1000元,非常不满意,0,0,0,0,1,0,忍气吞声，自认倒霉,0,1,1,1,0,0,0,支持,校内,1,0,1,1,0,助教、科研、实验室助手等?,,,,,,,,准备进行,,,,,,,,,,,一到二个月,实习条件和薪资待遇,家乡城市,密切密切,5,5,公平,,,,,,,1,1,1,1,0,0,0,0,有一点帮助,正式职业之外可以继续保持该兼职,0,0,0,0,0,1,0,0,0,1,1,0,0,0,0,0,1,满足安全需要（工作稳定，很少有焦虑）
41,LGBAAqk7,leNqggRL,cdm****QzOTI,2022-2-16 16:44,2022-2-16 16:47,182,1,NriUJr,大学生兼职调查,39.154.98.21,107.387452,40.746302,内蒙古自治区,巴彦淖尔市,MOBILE,Android,weixin,360px*800px,,女,长沙医学院临床学院,大四,内蒙古自治区，巴彦淖尔市,是,,,,,,,,,,,,,,,,,,,,,2-3份,0,0,1,0,0,1,1,1,1,0,0,1,1,1,0,1,0,1,0,寒暑假,2001-3000 元,非常不满意,1,0,0,0,0,0,忍气吞声，自认倒霉,0,0,1,1,1,0,0,支持,校外,,,,,,,1,0,0,0,1,0,时间短暂来钱快上手快的兼职,准备进行,,,,,,,,,,,四到六个月,可以给出实习证明即可,家乡城市,较多联系,3,3,存在较少不公平现象,,,,,,,1,0,0,0,0,0,1,1,基本没有帮助,,1,0,0,0,0,0,0,1,1,1,0,0,0,1,1,1,0,满足自我实现需要（激发潜能，实现自己的价值）
42,e5yNNpKe,Bep9rk8M,cdm****HXJOE,2022-2-16 16:42,2022-2-16 16:46,240,1,NriUJr,大学生兼职调查,171.92.151.239,103.635366,30.929827,四川省,成都市,MOBILE,Android,weixin,393px*851px,,女,内江师范学院政治与公共管理学院,大三,四川省，成都市,是,,,,,,,,,,,,,,,,,,,,,1份,0,0,0,0,0,0,1,1,1,1,0,0,0,0,0,0,0,0,1,寒暑假,500元及以下,非常不满意,1,0,0,0,0,0,忍气吞声，自认倒霉,0,1,1,0,0,0,0,支持,校内,0,0,1,0,0,助教、科研、实验室助手等?,,,,,,,,暂时没有打算,,,,,,,,,,,,,,,4,5,无所谓,,,,,,,1,1,1,1,0,0,1,0,有一点帮助,正式职业不会选择少数做过的兼职,1,0,0,0,0,0,0,1,0,1,1,0,0,0,1,0,1,受到尊重（工作体面有尊严
43,MdP11VXM,Ke5ynj0e,la***bird,2022-2-16 16:42,2022-2-16 16:45,223,1,NriUJr,大学生兼职调查,42.233.20.6,114.103249,35.164057,河南省,新乡市,MOBILE,iOS,Apple WebKit,414px*896px,,女,北京第二外国语学院,研三,河南省，新乡市,是,,,,,,,,,,,,,,,,,,,,,4-7份,1,0,0,0,1,0,1,1,1,1,0,0,0,0,0,1,1,0,0,节假日,2001-3000 元,非常不满意,1,0,0,0,0,0,诉诸法律,1,1,0,0,0,1,0,支持,校内,1,1,0,0,0,助教、科研、实验室助手等?,,,,,,,,进行过,1,0,1,0,1,0,四到六个月,公司层次和品牌形象,一线城市,密切密切,,,,,5,5,存在较少不公平现象,,,,,,,0,1,1,0,1,0,1,0,有一点帮助,正式职业不会选择绝大多数做过的兼职,0,0,0,0,1,0,0,1,0,1,1,0,0,0,1,1,0,满足自我实现需要（激发潜能，实现自己的价值）
44,ekqyy1j7,2Md1ZkZ7,小***,2022-2-16 16:37,2022-2-16 16:41,207,1,NriUJr,大学生兼职调查,39.148.158.4,112.439744,34.817185,河南省,洛阳市,MOBILE,iOS,Apple WebKit,375px*812px,,女,郑州升达经贸管理学院金融贸易学院,大三,河南省，洛阳市,是,,,,,,,,,,,,,,,,,,,,,1份,0,0,1,0,0,0,0,1,0,0,0,1,0,1,0,1,0,0,0,寒暑假,2001-3000 元,非常不满意,0,0,0,0,0,1,,0,1,1,1,0,0,0,中立,校外,,,,,,,0,1,0,0,1,0,实习、研发等与专业相关、有一定难度的兼职?,暂时没有打算,,,,,,,,,,,,,,,4,5,存在较少不公平现象,,,,,,,0,1,1,1,0,0,0,0,有一点帮助,正式职业不会选择绝大多数做过的兼职,0,0,0,0,0,1,0,0,0,0,1,0,0,1,0,1,1,满足自我实现需要（激发潜能，实现自己的价值）
45,7KvOOnnM,kM15JZkM,天*烟雨,2022-2-16 16:31,2022-2-16 16:35,293,1,NriUJr,大学生兼职调查,111.58.80.95,109.701812,22.836665,广西壮族自治区,贵港市,MOBILE,Android,weixin,393px*873px,,男,吉林农业科技学院，动物科技学院,大二,广西壮族自治区，柳州市,是,,,,,,,,,,,,,,,,,,,,,2-3份,0,0,1,0,0,1,0,1,0,0,0,0,0,0,0,1,1,0,0,周末,500元及以下,非常不满意,1,0,0,1,0,0,向相关部门投诉,0,0,1,1,1,0,0,中立,校外,,,,,,,0,1,0,0,1,0,时间短暂来钱快上手快的兼职,暂时没有打算,,,,,,,,,,,,,,,4,5,存在较多不公平现象,1,0,1,1,1,0,1,1,1,1,1,0,0,0,有一点帮助,正式职业不会选择绝大多数做过的兼职,0,0,1,1,1,0,0,1,0,1,1,0,0,1,1,0,1,满足基本生活需要（满足日常基本的衣食住行和睡眠）
46,LOyOOZXM,RMWwD6yM,cdm****EtoLf,2022-2-16 16:28,2022-2-16 16:33,303,1,NriUJr,大学生兼职调查,171.111.224.122,108.829125,23.224799,广西壮族自治区,南宁市,MOBILE,Android,weixin,360px*800px,,女,广西民族师范学院,大二,广西壮族自治区，南宁市,是,,,,,,,,,,,,,,,,,,,,,1份,0,0,1,0,0,0,0,1,1,1,0,1,0,1,0,0,1,1,0,寒暑假,1001?2000元,非常不满意,1,0,0,0,0,0,忍气吞声，自认倒霉,0,1,1,1,1,0,0,中立,校外,,,,,,,1,0,1,1,1,0,时间短暂来钱快上手快的兼职,准备进行,,,,,,,,,,,一到二个月,实习条件和薪资待遇,家乡城市,无所谓,4,5,存在较少不公平现象,,,,,,,1,0,1,0,0,0,0,0,基本没有帮助,,1,0,1,0,1,0,0,0,1,0,0,1,0,0,1,0,0,满足安全需要（工作稳定，很少有焦虑）
47,LOyOOwYM,xLVJDbVL,花**岸天,2022-2-16 16:25,2022-2-16 16:27,120,1,NriUJr,大学生兼职调查,182.133.60.196,104.249083,30.078431,四川省,眉山市,MOBILE,Android,Chrome,360px*800px,,男,四川文理学院，智能制造学院,大三,四川省，眉山市,否,推荐,4,有过,1,0,1,1,0,0,1,1,0,0,周末,2001-3000 元,,,,,,,,,,,,,,,,,,,,,,,,,,,,非常不满意,,,,,,,,,,,,,,,,,,,,,,,,,,,,,,,,,,,,,,,,,,,,,,,,,,,,,,,,,,,,,,,,1,1,0,1,1,0,0,1,1,1,0,0,0,1,1,0,1,满足安全需要（工作稳定，很少有焦虑）
48,Lz9llG17,me3BzX9L,旧*依在,2022-2-16 16:21,2022-2-16 16:24,180,1,NriUJr,大学生兼职调查,218.26.159.112,112.573185,37.88788,山西省,太原市,MOBILE,Android,Chrome,424px*942px,,男,山西工商学院  计算机信息工程学院,大四,山西省，吕梁市,是,,,,,,,,,,,,,,,,,,,,,2-3份,0,0,0,0,1,0,1,1,0,1,0,0,0,0,0,1,0,1,0,周末,1001?2000元,非常不满意,0,0,0,0,0,1,,1,0,1,1,1,0,0,支持,校外,,,,,,,0,1,0,1,1,0,实习、研发等与专业相关、有一定难度的兼职?,进行过,1,0,1,0,1,0,二到四个月,与专业的相关性,学校所在城市,较多联系,,,,,7,6,公平,,,,,,,0,1,1,0,0,0,0,0,很有帮助,正式职业希望继续从事兼职做过的职业,1,1,1,0,0,0,0,1,0,1,1,0,0,1,1,1,0,满足自我实现需要（激发潜能，实现自己的价值）
49,e4BAAkq7,JekyGyN7,cdm****ZTcmV,2022-2-16 16:11,2022-2-16 16:17,371,1,NriUJr,大学生兼职调查,111.18.25.233,107.9216,32.6767,陕西省,汉中市,MOBILE,Android,weixin,360px*780px,,女,陕西学前师范学院幼儿教育学院,大四,陕西省，西安市,是,,,,,,,,,,,,,,,,,,,,,2-3份,0,0,1,1,0,1,0,1,1,1,0,0,0,0,0,1,1,1,0,周末,500元及以下,非常不满意,1,0,0,0,0,0,其他,0,0,1,1,1,0,0,支持,校外,,,,,,,0,1,1,0,1,0,时间短暂来钱快上手快的兼职,进行过,1,0,1,0,1,0,二到四个月,实习条件和薪资待遇,学校所在城市,密切密切,,,,,4,5,存在较少不公平现象,,,,,,,0,1,1,1,1,0,0,0,有一点帮助,正式职业不会选择少数做过的兼职,0,0,0,0,0,0,1,0,0,1,1,1,0,1,1,0,1,满足安全需要（工作稳定，很少有焦虑）
50,Lm9qqBKL,veEAN38e,小*鹅,2022-2-16 16:13,2022-2-16 16:16,197,1,NriUJr,大学生兼职调查,61.185.165.87,108.731679,34.052346,陕西省,西安市,MOBILE,Android,weixin,360px*780px,,女,西安欧亚学院,大四,陕西省，西安市,是,,,,,,,,,,,,,,,,,,,,,2-3份,0,0,1,1,1,0,0,1,1,0,0,1,0,0,0,1,1,1,0,节假日,2001-3000 元,非常不满意,0,0,0,0,0,1,,1,0,0,1,1,0,0,支持,校内,0,0,1,0,0,校内服务型兼职（餐厅兼职、校园推广等）,,,,,,,,进行过,1,0,0,0,1,0,二到四个月,实习条件和薪资待遇,家乡城市,较多联系,,,,,6,5,公平,,,,,,,0,1,1,1,0,0,0,0,有一点帮助,正式职业不会选择绝大多数做过的兼职,1,0,1,0,1,0,0,0,1,1,0,0,0,0,1,0,1,有归属感和社交（单位氛围暖心，与同事关系融洽）
51,MgErrPwL,4enRdK0e,cdm****x95H0,2022-2-16 16:07,2022-2-16 16:09,150,1,NriUJr,大学生兼职调查,111.3.7.131,120.769599,30.761619,浙江省,嘉兴市,MOBILE,Android,weixin,393px*873px,,女,长春电子科技学院,大一,浙江省，嘉兴市,是,,,,,,,,,,,,,,,,,,,,,1份,0,0,1,0,0,0,0,1,1,0,0,0,0,1,0,0,0,0,0,寒暑假,3001?5000元,非常不满意,1,0,0,0,0,0,忍气吞声，自认倒霉,0,1,1,0,1,1,0,支持,校内,1,1,0,1,0,助教、科研、实验室助手等?,,,,,,,,准备进行,,,,,,,,,,,一到二个月,实习条件和薪资待遇,家乡城市,较多联系,4,6,公平,,,,,,,0,0,1,0,0,0,0,0,很有帮助,正式职业之外可以继续保持该兼职,0,0,0,1,1,0,0,1,0,1,1,0,0,0,1,0,1,满足安全需要（工作稳定，很少有焦虑）
52,e8YAAPxM,0eyb00vM,cdm****1jxta,2022-2-16 16:01,2022-2-16 16:04,153,1,NriUJr,大学生兼职调查,112.241.81.39,116.326317,36.958622,山东省,聊城市,MOBILE,Android,weixin,393px*873px,,女,山东商务职业学院  粮油食品学院,大一,山东省，聊城市,是,,,,,,,,,,,,,,,,,,,,,2-3份,0,1,1,0,0,1,0,1,1,1,0,0,0,1,0,0,1,1,0,寒暑假,1001?2000元,非常不满意,1,1,1,1,0,0,向相关部门投诉,1,0,1,1,1,0,0,支持,校内,1,0,1,1,0,校内服务型兼职（餐厅兼职、校园推广等）,,,,,,,,准备进行,,,,,,,,,,,二到四个月,与专业的相关性,家乡城市,密切密切,6,6,存在较少不公平现象,,,,,,,1,1,1,1,1,0,0,0,有一点帮助,正式职业不会选择绝大多数做过的兼职,1,1,1,0,0,0,0,0,1,1,0,1,0,1,0,1,1,满足自我实现需要（激发潜能，实现自己的价值）
53,MdP11PzM,z7AKp4Xe,细**定性别,2022-2-16 15:54,2022-2-16 15:56,133,1,NriUJr,大学生兼职调查,113.117.61.122,116.189644,23.287216,广东省,揭阳市,MOBILE,Android,weixin,360px*800px,,男,惠州工程职业学院生态工程院,大一,广东省，揭阳市,否,非常赞同,3,有过,1,1,1,1,0,1,0,1,1,0,周末,1001?2000元,,,,,,,,,,,,,,,,,,,,,,,,,,,,非常不满意,,,,,,,,,,,,,,,,,,,,,,,,,,,,,,,,,,,,,,,,,,,,,,,,,,,,,,,,,,,,,,,,1,1,1,1,1,0,0,1,0,1,1,0,0,1,1,1,0,满足自我实现需要（激发潜能，实现自己的价值）
54,e4BAAB17,veEABn9e,cdm****8TRBv,2022-2-16 15:53,2022-2-16 15:56,157,1,NriUJr,大学生兼职调查,112.17.245.86,120.572813,30.837732,浙江省,嘉兴市,MOBILE,Android,weixin,360px*780px,,女,浙江工商职业技术学院,大一,浙江省，湖州市,否,推荐,4,有过,1,1,1,1,0,1,0,1,1,0,寒暑假,2001-3000 元,,,,,,,,,,,,,,,,,,,,,,,,,,,,非常不满意,,,,,,,,,,,,,,,,,,,,,,,,,,,,,,,,,,,,,,,,,,,,,,,,,,,,,,,,,,,,,,,,1,0,0,0,0,1,0,1,1,0,0,1,0,0,1,1,1,满足安全需要（工作稳定，很少有焦虑）
55,eP2OO2y7,pLzQEp17,cdm****YdeK7,2022-2-16 15:51,2022-2-16 15:52,105,1,NriUJr,大学生兼职调查,122.141.167.145,126.179055,41.115831,吉林省,通化市,MOBILE,Android,weixin,360px*800px,,女,吉林化工学院 经济管理学院,大二,吉林省，通化市,否,无所谓,3,有过,0,0,1,1,0,0,0,1,1,0,周末,1001?2000元,,,,,,,,,,,,,,,,,,,,,,,,,,,,非常不满意,,,,,,,,,,,,,,,,,,,,,,,,,,,,,,,,,,,,,,,,,,,,,,,,,,,,,,,,,,,,,,,,0,0,0,1,1,0,0,0,0,1,1,0,0,1,1,0,1,满足自我实现需要（激发潜能，实现自己的价值）
56,Lz9ll2x7,WLGrvzk7,cdm****3WlUl,2022-2-16 15:44,2022-2-16 15:52,467,1,NriUJr,大学生兼职调查,223.88.134.90,111.703644,34.36528,河南省,洛阳市,COMPUTER,Windows,Chrome,1536px*864px,,女,南阳师范学院 生命科学与农业工程学院,大三,河南省，洛阳市,是,,,,,,,,,,,,,,,,,,,,,2-3份,1,0,1,1,0,0,0,1,1,0,0,0,0,0,0,1,1,0,0,工作日,500元及以下,非常不满意,1,0,1,0,0,0,忍气吞声，自认倒霉,0,1,1,0,0,1,0,支持,校内,0,1,1,0,0,助教、科研、实验室助手等?,,,,,,,,进行过,0,0,1,0,1,0,一到二个月,与专业的相关性,学校所在城市,较多联系,,,,,6,7,存在较少不公平现象,,,,,,,0,1,1,0,1,0,0,0,有一点帮助,正式职业希望继续从事兼职做过的职业,1,0,0,1,0,0,0,0,0,1,1,1,0,1,1,0,1,满足安全需要（工作稳定，很少有焦虑）
57,7qXdRPpM,WMR6y9DM,cdm****h1CvB,2022-2-16 15:42,2022-2-16 15:46,238,1,NriUJr,大学生兼职调查,124.238.14.199,116.187976,38.193969,河北省,沧州市,MOBILE,Android,weixin,360px*800px,,女,三亚学院 信智学院,大二,河北省，沧州市,是,,,,,,,,,,,,,,,,,,,,,10份以上,0,0,1,1,0,0,0,1,1,0,0,1,0,0,0,0,1,0,0,节假日,1001?2000元,非常不满意,0,0,0,0,0,1,,0,1,1,1,0,0,0,支持,校外,,,,,,,1,0,1,1,1,0,实习、研发等与专业相关、有一定难度的兼职?,准备进行,,,,,,,,,,,二到四个月,公司层次和品牌形象,一线城市,密切密切,4,6,存在较少不公平现象,,,,,,,1,1,0,0,0,0,1,0,有一点帮助,正式职业不会选择绝大多数做过的兼职,1,0,0,1,0,0,0,0,1,1,1,0,0,0,1,1,1,满足自我实现需要（激发潜能，实现自己的价值）
58,M28AGaNL,AM94NDke,超*,2022-2-16 15:34,2022-2-16 15:43,538,1,NriUJr,大学生兼职调查,112.32.178.19,116.243073,32.65356,安徽省,阜阳市,MOBILE,Android,weixin,360px*800px,,女,淮北理工学院教育学院,大一,安徽省，阜阳市,是,,,,,,,,,,,,,,,,,,,,,1份,0,0,1,0,0,0,1,1,1,1,0,1,0,0,0,0,1,1,0,寒暑假,2001-3000 元,非常不满意,0,0,0,0,0,1,,0,1,1,1,1,1,0,支持,校内,1,0,1,1,0,助教、科研、实验室助手等?,,,,,,,,暂时没有打算,,,,,,,,,,,,,,,5,6,存在较少不公平现象,,,,,,,0,1,1,0,0,0,0,0,有一点帮助,正式职业不会选择绝大多数做过的兼职,0,0,0,0,0,1,0,1,0,1,0,1,0,0,1,0,1,满足自我实现需要（激发潜能，实现自己的价值）
59,Lm9qxddL,o7j9brzM,A*E.,2022-2-16 15:38,2022-2-16 15:42,232,1,NriUJr,大学生兼职调查,182.129.31.50,106.0641071,30.7589331,四川省,南充市,MOBILE,iOS,weixin,414px*896px,,女,川北医学院,大四,四川省，成都市,是,,,,,,,,,,,,,,,,,,,,,4-7份,0,0,1,0,1,1,0,1,1,1,1,1,0,1,0,1,1,0,0,周末,1001?2000元,非常不满意,1,0,0,0,0,0,向相关部门投诉,1,1,1,1,1,1,0,支持,校外,,,,,,,0,1,0,1,1,0,实习、研发等与专业相关、有一定难度的兼职?,进行过,1,0,1,0,1,0,四到六个月,与专业的相关性,学校所在城市,密切密切,,,,,5,4,存在较多不公平现象,1,0,1,1,0,0,0,1,1,0,0,0,0,0,很有帮助,正式职业不会选择绝大多数做过的兼职,0,0,0,0,1,0,1,0,0,1,1,0,0,1,1,0,1,满足自我实现需要（激发潜能，实现自己的价值）
60,M6BPGmvM,xebRxyle,cdm****Ccxip,2022-2-16 15:39,2022-2-16 15:41,130,1,NriUJr,大学生兼职调查,119.178.139.251,115.553974,35.097582,山东省,菏泽市,MOBILE,Android,weixin,400px*889px,,女,济宁医学院医学信息工程学院,大二,山东省，菏泽市,否,非常赞同,4,有过,1,1,0,1,0,0,1,1,0,0,寒暑假,501-1000元,,,,,,,,,,,,,,,,,,,,,,,,,,,,非常不满意,,,,,,,,,,,,,,,,,,,,,,,,,,,,,,,,,,,,,,,,,,,,,,,,,,,,,,,,,,,,,,,,1,0,0,0,0,0,0,0,0,1,1,0,0,1,1,0,1,满足自我实现需要（激发潜能，实现自己的价值）
61,eEKAY3A7,WMR6YY5M,cdm****vP7xv,2022-2-16 15:32,2022-2-16 15:36,255,1,NriUJr,大学生兼职调查,153.36.252.24,118.78106,34.12636,江苏省,宿迁市,MOBILE,Android,Chrome,393px*873px,,女,徐州工程学院金融学院,大二,江苏省，宿迁市,是,,,,,,,,,,,,,,,,,,,,,2-3份,1,0,0,0,0,0,1,1,1,1,0,0,0,0,0,1,0,1,0,寒暑假,2001-3000 元,非常不满意,1,0,0,0,0,0,向相关部门投诉,0,0,1,0,1,1,0,支持,校外,,,,,,,1,0,0,0,1,0,实习、研发等与专业相关、有一定难度的兼职?,暂时没有打算,,,,,,,,,,,,,,,5,6,公平,,,,,,,0,1,1,0,0,0,0,0,很有帮助,正式职业希望继续从事兼职做过的职业,1,0,0,1,0,0,0,0,0,1,1,0,0,1,1,0,1,满足安全需要（工作稳定，很少有焦虑）
62,ev9lXkvL,VMJO8PR7,cdm****6SzHc,2022-2-16 15:27,2022-2-16 15:33,354,1,NriUJr,大学生兼职调查,39.144.29.134,113.9826,33.58822,河南省,漯河市,MOBILE,Android,weixin,360px*640px,,男,开封大学医学部,大三,河南省，漯河市,是,,,,,,,,,,,,,,,,,,,,,2-3份,0,0,1,0,1,0,0,1,0,1,0,0,0,0,0,1,0,1,0,周末,500元及以下,非常不满意,1,0,0,0,1,0,寻求家长、老师帮助,1,0,1,1,1,0,0,支持,校内,0,0,1,0,0,助教、科研、实验室助手等?,,,,,,,,进行过,1,0,0,1,1,0,大于六个月,与专业的相关性,学校所在城市,密切密切,,,,,6,5,存在较少不公平现象,,,,,,,0,1,1,1,0,0,0,0,很有帮助,正式职业希望继续从事兼职做过的职业,1,0,1,1,1,0,0,0,1,1,1,0,0,0,1,1,1,满足基本生活需要（满足日常基本的衣食住行和睡眠）
63,MJnOQvdM,Ke5G4qV7,cdm****IgVS7,2022-2-16 15:21,2022-2-16 15:25,235,1,NriUJr,大学生兼职调查,111.58.29.25,108.964562,21.644714,广西壮族自治区,北海市,MOBILE,Android,Chrome,360px*760px,,女,桂林航天工业学院，管理学院,大四,广西壮族自治区，北海市,是,,,,,,,,,,,,,,,,,,,,,2-3份,0,1,0,0,1,1,0,1,1,1,0,0,0,1,0,1,0,0,0,周末,501-1000元,非常不满意,1,0,1,0,0,0,向相关部门投诉,0,0,1,1,1,0,0,中立,校内,1,1,1,1,0,助教、科研、实验室助手等?,,,,,,,,准备进行,,,,,,,,,,,二到四个月,与专业的相关性,家乡城市,较多联系,4,3,存在较多不公平现象,1,0,1,1,1,0,1,0,1,1,0,0,0,0,有一点帮助,正式职业不会选择少数做过的兼职,0,1,0,1,0,0,0,0,0,1,1,1,0,1,0,0,1,满足自我实现需要（激发潜能，实现自己的价值）
64,e5yNG4Ke,z7AOw1ze,cdm****atLpt,2022-2-16 15:16,2022-2-16 15:22,340,1,NriUJr,大学生兼职调查,112.20.210.49,119.051473,34.138653,江苏省,宿迁市,MOBILE,Android,weixin,400px*889px,,女,西安外事学院,大一,江苏省，宿迁市,是,,,,,,,,,,,,,,,,,,,,,1份,0,0,0,0,0,1,0,1,0,0,0,1,0,0,0,0,1,0,0,寒暑假,501-1000元,非常不满意,1,0,1,1,1,0,忍气吞声，自认倒霉,0,0,0,0,0,0,1,支持,校内,1,0,1,0,1,助教、科研、实验室助手等?,,,,,,,,准备进行,,,,,,,,,,,二到四个月,实习条件和薪资待遇,一线城市,无所谓,2,2,无所谓,,,,,,,0,0,0,0,0,0,0,1,基本没有帮助,,0,0,0,0,0,1,1,1,0,1,1,0,0,0,1,0,1,满足自我实现需要（激发潜能，实现自己的价值）
65,M6BPGQRM,kMrnOdyM,cdm****jaS44,2022-2-16 15:16,2022-2-16 15:20,258,1,NriUJr,大学生兼职调查,27.149.72.172,116.96734,24.100476,福建省,漳州市,MOBILE,Android,Chrome,360px*800px,,女,福建商学院外国语学院,大三,福建省，漳州市,是,,,,,,,,,,,,,,,,,,,,,2-3份,0,0,1,1,0,0,0,1,1,1,0,0,0,1,0,1,1,1,0,周末,1001?2000元,非常不满意,1,0,1,0,0,0,忍气吞声，自认倒霉,0,1,1,1,1,1,0,支持,校内,1,1,1,0,0,校内服务型兼职（餐厅兼职、校园推广等）,,,,,,,,准备进行,,,,,,,,,,,一到二个月,实习条件和薪资待遇,学校所在城市,较多联系,4,5,公平,,,,,,,0,1,1,1,0,0,0,0,有一点帮助,正式职业希望继续从事兼职做过的职业,1,0,0,0,0,0,0,0,0,1,1,1,0,1,1,1,0,有归属感和社交（单位氛围暖心，与同事关系融洽）
66,e3BAGrRL,37KgzkK7,cdm****5IcwP,2022-2-16 15:14,2022-2-16 15:20,353,1,NriUJr,大学生兼职调查,120.230.246.177,111.676457,22.7055057,广东省,云浮市,MOBILE,iOS,weixin,375px*812px,,女,东莞职业技术学院,大二,广东省，云浮市,是,,,,,,,,,,,,,,,,,,,,,1份,0,0,0,0,0,0,1,1,0,0,0,0,1,0,0,1,0,0,1,周末,3001?5000元,非常不满意,0,0,0,0,0,1,,0,0,0,1,1,0,0,支持,校外,,,,,,,0,1,1,0,1,0,实习、研发等与专业相关、有一定难度的兼职?,准备进行,,,,,,,,,,,四到六个月,实习条件和薪资待遇,一线城市,密切密切,6,5,存在较少不公平现象,,,,,,,0,0,1,0,0,0,1,1,很有帮助,正式职业不会选择绝大多数做过的兼职,0,1,0,0,1,0,0,0,0,1,1,0,0,1,0,1,1,满足基本生活需要（满足日常基本的衣食住行和睡眠）
67,Mx2zw8mL,27azJYZL,cdm****d0XpA,2022-2-16 15:15,2022-2-16 15:19,184,1,NriUJr,大学生兼职调查,220.202.152.47,112.94873,27.753312,湖南省,湘潭市,MOBILE,Android,weixin,360px*800px,,女,湖南铁道职业技术学院,大二,湖南省，株洲市,是,,,,,,,,,,,,,,,,,,,,,4-7份,0,0,1,0,1,1,0,1,0,1,0,1,0,0,0,1,0,1,0,周末,500元及以下,非常不满意,1,0,1,0,0,0,忍气吞声，自认倒霉,0,1,1,1,1,1,0,中立,校内,1,0,1,0,0,助教、科研、实验室助手等?,,,,,,,,准备进行,,,,,,,,,,,二到四个月,实习条件和薪资待遇,一线城市,较多联系,4,6,存在较少不公平现象,,,,,,,1,0,0,0,0,0,0,1,很有帮助,正式职业不会选择绝大多数做过的兼职,0,0,1,1,1,0,0,1,1,1,0,0,0,1,1,1,0,满足基本生活需要（满足日常基本的衣食住行和睡眠）
68,ev9lXjAL,WMRq3RPe,cdm****BTgxQ,2022-2-16 15:11,2022-2-16 15:16,275,1,NriUJr,大学生兼职调查,183.198.108.174,119.487015,39.82274,河北省,秦皇岛市,MOBILE,iOS,weixin,375px*812px,,女,大连科技学院外国语学院,大三,河北省，邯郸市,是,,,,,,,,,,,,,,,,,,,,,2-3份,0,0,1,0,0,0,1,1,1,1,0,0,0,0,0,1,1,0,0,寒暑假,500元及以下,非常不满意,0,0,0,0,0,1,,0,1,1,1,1,0,0,支持,校内,1,0,1,1,0,校内服务型兼职（餐厅兼职、校园推广等）,,,,,,,,暂时没有打算,,,,,,,,,,,,,,,4,5,公平,,,,,,,0,1,1,0,0,0,0,0,有一点帮助,正式职业不会选择绝大多数做过的兼职,1,0,1,1,0,0,0,0,1,0,1,1,0,0,1,1,1,满足自我实现需要（激发潜能，实现自己的价值）
69,eyPbkdnL,KLOOOX3L,K*d,2022-2-16 15:10,2022-2-16 15:15,303,1,NriUJr,大学生兼职调查,61.148.244.81,116.474358,39.949232,北京市,市辖区,MOBILE,iOS,Apple WebKit,414px*896px,,男,铁岭师范高等专科学校,大二,河南省，信阳市,是,,,,,,,,,,,,,,,,,,,,,4-7份,1,0,1,0,1,0,1,1,1,1,1,0,0,0,1,1,1,1,0,寒暑假,5000元以上,非常不满意,0,1,1,0,0,0,忍气吞声，自认倒霉,1,1,1,1,1,1,0,中立,校外,,,,,,,1,0,0,1,1,0,时间短暂来钱快上手快的兼职,准备进行,,,,,,,,,,,一个月,公司层次和品牌形象,一线城市,较多联系,5,4,存在较少不公平现象,,,,,,,1,1,1,0,0,1,1,0,基本没有帮助,,0,0,0,0,1,0,1,1,0,1,1,0,0,1,1,0,1,有归属感和社交（单位氛围暖心，与同事关系融洽）
70,7j9QRjzM,xebRKqye,cdm****fdwOL,2022-2-16 15:09,2022-2-16 15:13,244,1,NriUJr,大学生兼职调查,36.157.191.147,112.195671,27.455976,湖南省,娄底市,MOBILE,Android,weixin,400px*867px,,女,湖南工学院,大三,湖南省，娄底市,是,,,,,,,,,,,,,,,,,,,,,2-3份,0,1,0,0,0,1,1,1,0,1,0,0,0,0,1,0,1,0,0,节假日,2001-3000 元,非常不满意,0,0,0,0,1,0,其他,0,0,1,1,0,1,0,支持,校外,,,,,,,1,0,1,1,1,0,时间短暂来钱快上手快的兼职,暂时没有打算,,,,,,,,,,,,,,,5,6,存在较少不公平现象,,,,,,,0,0,1,0,0,0,0,1,很有帮助,正式职业不会选择绝大多数做过的兼职,1,0,0,1,0,0,0,0,1,0,0,1,0,1,0,1,0,满足安全需要（工作稳定，很少有焦虑）
71,LVJrNXbL,2MdPw4QM,旧*,2022-2-16 15:05,2022-2-16 15:10,294,1,NriUJr,大学生兼职调查,111.178.108.58,114.321913,31.40121,湖北省,孝感市,MOBILE,Android,weixin,360px*780px,,男,武汉软件工程职业学院,大三,湖北省，孝感市,是,,,,,,,,,,,,,,,,,,,,,2-3份,0,0,1,0,1,1,0,1,1,1,0,0,0,1,0,1,1,1,0,寒暑假,2001-3000 元,非常不满意,1,1,0,1,0,0,忍气吞声，自认倒霉,0,1,1,1,1,0,0,支持,校内,1,1,1,1,0,助教、科研、实验室助手等?,,,,,,,,进行过,1,0,1,0,1,0,二到四个月,实习条件和薪资待遇,家乡城市,较多联系,,,,,4,5,存在较少不公平现象,,,,,,,1,1,1,0,0,0,0,0,有一点帮助,正式职业不会选择少数做过的兼职,1,1,0,1,1,0,0,1,0,1,1,0,0,1,1,0,1,满足自我实现需要（激发潜能，实现自己的价值）
72,LGBArKN7,xMo2Wm0e,安*?,2022-2-16 15:05,2022-2-16 15:10,280,1,NriUJr,大学生兼职调查,112.114.96.59,100.07974,23.88787,云南省,临沧市,MOBILE,Android,Chrome,360px*800px,,男,临沧技师学院,大二,云南省，临沧市,是,,,,,,,,,,,,,,,,,,,,,1份,0,0,1,0,0,1,0,0,1,1,0,0,0,0,0,0,0,1,0,周末,2001-3000 元,非常不满意,1,0,0,0,0,0,向相关部门投诉,0,0,1,0,1,0,0,中立,校外,,,,,,,0,1,1,0,1,0,时间短暂来钱快上手快的兼职,准备进行,,,,,,,,,,,四到六个月,实习条件和薪资待遇,一线城市,较多联系,5,7,存在较少不公平现象,,,,,,,1,1,0,0,0,0,1,0,有一点帮助,正式职业不会选择绝大多数做过的兼职,0,1,0,1,1,0,0,0,1,1,0,1,0,1,1,0,1,满足自我实现需要（激发潜能，实现自己的价值）
73,ebqmRQXL,kMrnPApM,小H***出门???,2022-2-16 15:05,2022-2-16 15:08,153,1,NriUJr,大学生兼职调查,223.104.247.75,120.793218,28.030818,浙江省,温州市,MOBILE,Android,Chrome,360px*760px,,女,嘉兴南湖学院,大三,浙江省，温州市,是,,,,,,,,,,,,,,,,,,,,,1份,1,0,0,0,0,0,0,1,1,0,0,0,0,0,0,0,1,0,0,工作日,500元及以下,非常不满意,0,0,0,0,0,1,,0,1,1,1,1,0,0,中立,校内,1,1,0,0,0,助教、科研、实验室助手等?,,,,,,,,暂时没有打算,,,,,,,,,,,,,,,4,5,存在较少不公平现象,,,,,,,0,1,1,1,1,0,0,0,有一点帮助,正式职业之外可以继续保持该兼职,1,1,0,0,0,0,0,0,1,1,1,0,0,1,1,1,0,满足自我实现需要（激发潜能，实现自己的价值）
74,Mx2zwErL,KLOnVNd7,小**喝水,2022-2-16 15:02,2022-2-16 15:06,267,1,NriUJr,大学生兼职调查,42.231.39.177,115.25717,33.813858,河南省,周口市,MOBILE,Android,weixin,360px*803px,,男,上海政法学院,大三,上海市，市辖区,是,,,,,,,,,,,,,,,,,,,,,7-10份,0,0,1,1,1,0,0,1,0,1,0,0,0,0,0,1,1,1,0,寒暑假,2001-3000 元,非常不满意,0,1,1,0,0,0,忍气吞声，自认倒霉,0,0,0,1,0,1,0,中立,校外,,,,,,,0,0,1,0,1,0,时间短暂来钱快上手快的兼职,进行过,1,0,1,0,1,0,一到二个月,实习条件和薪资待遇,一线城市,较少联系,,,,,5,5,存在较少不公平现象,,,,,,,0,1,1,0,0,0,0,1,有一点帮助,正式职业不会选择少数做过的兼职,0,0,1,1,1,0,0,0,0,1,1,0,0,0,1,0,1,满足基本生活需要（满足日常基本的衣食住行和睡眠）
75,MdP1oBQM,37KOaAv7,cdm****kVPVq,2022-2-16 14:55,2022-2-16 14:59,214,1,NriUJr,大学生兼职调查,106.9.161.170,114.68265,37.0057,河北省,邢台市,MOBILE,Android,Chrome,360px*760px,,女,承德应用技术职业学院,大二,北京市，市辖区,是,,,,,,,,,,,,,,,,,,,,,1份,0,0,1,0,0,1,1,1,0,0,0,1,0,0,0,1,0,1,0,寒暑假,2001-3000 元,非常不满意,0,0,1,0,0,0,忍气吞声，自认倒霉,0,0,1,1,1,1,0,支持,校外,,,,,,,0,0,0,1,1,0,时间短暂来钱快上手快的兼职,准备进行,,,,,,,,,,,一个月,与专业的相关性,学校所在城市,密切密切,6,7,公平,,,,,,,1,1,1,0,0,0,0,0,有一点帮助,正式职业希望继续从事兼职做过的职业,1,0,0,0,0,0,0,1,1,1,0,0,0,1,1,1,0,有归属感和社交（单位氛围暖心，与同事关系融洽）
76,eEKAYA87,27an5jNL,我*困,2022-2-16 14:54,2022-2-16 14:58,226,1,NriUJr,大学生兼职调查,119.130.121.165,113.231469,23.148892,广东省,广州市,MOBILE,Android,weixin,400px*867px,,女,广东食品药品,大一,广东省，广州市,是,,,,,,,,,,,,,,,,,,,,,2-3份,0,0,1,0,1,0,0,1,0,1,0,0,0,0,1,1,1,0,0,寒暑假,501-1000元,非常不满意,1,0,1,0,0,0,寻求家长、老师帮助,0,1,0,1,0,1,0,支持,校内,1,0,0,0,0,助教、科研、实验室助手等?,,,,,,,,暂时没有打算,,,,,,,,,,,,,,,5,4,存在较少不公平现象,,,,,,,0,0,1,0,0,0,0,0,有一点帮助,正式职业之外可以继续保持该兼职,0,1,1,0,0,0,0,1,0,1,1,0,0,1,1,0,1,满足基本生活需要（满足日常基本的衣食住行和睡眠）
77,7qXdRw4M,o7j8k3de,cdm****hA4pg,2022-2-16 14:47,2022-2-16 14:52,283,1,NriUJr,大学生兼职调查,123.182.28.6,113.968882,41.0670807,河北省,张家口市,MOBILE,iOS,weixin,414px*896px,,男,河北北方学院/理学院,大三,河北省，张家口市,是,,,,,,,,,,,,,,,,,,,,,1份,0,0,1,0,0,0,0,1,1,1,0,0,0,0,0,1,0,1,0,周末,501-1000元,非常不满意,0,0,0,0,0,1,,0,1,1,1,1,1,0,支持,校内,0,0,1,0,0,助教、科研、实验室助手等?,,,,,,,,准备进行,,,,,,,,,,,二到四个月,公司层次和品牌形象,一线城市,密切密切,5,5,存在较少不公平现象,,,,,,,0,1,0,0,0,0,0,1,很有帮助,正式职业希望继续从事兼职做过的职业,0,0,1,0,0,0,1,1,1,1,0,0,0,1,1,0,1,满足自我实现需要（激发潜能，实现自己的价值）
78,M1KA5PWL,qM6PWw8L,cdm****aHcy8,2022-2-16 14:46,2022-2-16 14:51,321,1,NriUJr,大学生兼职调查,39.144.218.25,106.442353,29.606121,重庆市,市辖区,MOBILE,Android,weixin,360px*800px,,女,重庆文理学院，教育学院,大四,贵州省，遵义市,是,,,,,,,,,,,,,,,,,,,,,1份,0,0,0,0,1,0,0,0,1,1,0,1,0,0,0,1,0,0,0,寒暑假,501-1000元,非常不满意,1,0,0,0,0,0,其他,0,1,1,0,0,1,0,支持,校外,,,,,,,1,1,1,0,1,0,时间短暂来钱快上手快的兼职,进行过,1,0,0,0,1,0,一到二个月,与专业的相关性,学校所在城市,较多联系,,,,,4,4,存在较多不公平现象,1,0,0,0,0,1,0,1,1,0,0,0,0,0,有一点帮助,正式职业不会选择少数做过的兼职,1,0,0,0,1,0,0,1,0,1,1,0,0,0,1,1,1,有归属感和社交（单位氛围暖心，与同事关系融洽）
79,Lm9qxnxL,RMWm1nEL,飓*,2022-2-16 14:43,2022-2-16 14:49,308,1,NriUJr,大学生兼职调查,182.150.48.112,104.092046,30.84308,四川省,成都市,MOBILE,Android,weixin,393px*821px,,男,四川长江职业学院,大二,四川省，成都市,是,,,,,,,,,,,,,,,,,,,,,2-3份,0,0,1,0,1,0,0,1,1,1,1,0,0,1,0,1,0,0,0,周末,501-1000元,非常不满意,1,0,0,1,0,0,忍气吞声，自认倒霉,1,1,0,1,0,1,0,支持,校外,,,,,,,1,0,0,1,1,0,实习、研发等与专业相关、有一定难度的兼职?,进行过,1,0,1,0,1,0,二到四个月,实习条件和薪资待遇,一线城市,较多联系,,,,,6,7,存在较少不公平现象,,,,,,,1,1,0,0,0,0,0,0,很有帮助,正式职业不会选择绝大多数做过的兼职,1,1,0,1,1,0,0,0,0,1,1,1,0,1,1,0,1,满足自我实现需要（激发潜能，实现自己的价值）
80,MJnOQ21M,xebmNBXL,cdm****Tz0NO,2022-2-16 14:41,2022-2-16 14:47,372,1,NriUJr,大学生兼职调查,223.83.191.32,114.94129,25.38322,江西省,赣州市,COMPUTER,Windows,Chrome,1229px*692px,,女,江西农大 林学院,大三,江西省，赣州市,是,,,,,,,,,,,,,,,,,,,,,4-7份,1,1,0,1,1,0,0,1,1,1,0,0,0,1,0,1,1,0,0,周末,501-1000元,非常不满意,1,0,0,1,1,0,向相关部门投诉,1,1,0,1,0,1,0,中立,校内,1,0,1,0,0,助教、科研、实验室助手等?,,,,,,,,进行过,1,0,0,0,1,0,四到六个月,与专业的相关性,家乡城市,密切密切,,,,,5,6,存在较少不公平现象,,,,,,,1,1,1,0,0,0,0,0,有一点帮助,正式职业之外可以继续保持该兼职,1,0,1,1,1,0,0,0,1,1,1,0,0,1,0,1,1,满足自我实现需要（激发潜能，实现自己的价值）
81,7YpQN8xM,Jekyr2z7,cdm****fHXpO,2022-2-16 14:42,2022-2-16 14:46,208,1,NriUJr,大学生兼职调查,182.151.121.48,104.054749,30.67496,四川省,成都市,MOBILE,Android,weixin,360px*800px,,女,四川国际标榜职业学院,大三,四川省，成都市,是,,,,,,,,,,,,,,,,,,,,,2-3份,0,0,1,0,0,1,0,0,1,1,0,1,0,1,0,0,1,1,0,寒暑假,3001?5000元,非常不满意,1,1,1,0,0,0,向相关部门投诉,0,0,1,1,1,1,0,支持,校内,1,1,0,0,0,校内服务型兼职（餐厅兼职、校园推广等）,,,,,,,,准备进行,,,,,,,,,,,一到二个月,公司层次和品牌形象,一线城市,密切密切,5,5,存在较少不公平现象,,,,,,,0,1,1,0,1,0,0,0,很有帮助,正式职业之外可以继续保持该兼职,1,1,0,0,1,0,0,0,0,1,1,1,0,1,1,0,0,满足自我实现需要（激发潜能，实现自己的价值）
82,ebqmRokL,0eyo0VP7,cdm****ECPHK,2022-2-16 14:39,2022-2-16 14:44,329,1,NriUJr,大学生兼职调查,223.104.192.134,116.553276,35.420414,山东省,济宁市,MOBILE,Android,weixin,400px*867px,,女,济宁医学院精神卫生学院,大四,山东省，临沂市,是,,,,,,,,,,,,,,,,,,,,,2-3份,1,0,1,0,0,0,0,1,1,0,0,0,0,0,0,1,0,1,0,周末,501-1000元,非常不满意,1,0,0,0,1,0,忍气吞声，自认倒霉,0,0,1,0,1,0,0,中立,校内,1,0,1,0,0,助教、科研、实验室助手等?,,,,,,,,进行过,1,0,0,0,0,0,大于六个月,与专业的相关性,学校所在城市,密切密切,,,,,5,7,存在较少不公平现象,,,,,,,1,1,0,0,0,0,0,0,有一点帮助,正式职业不会选择绝大多数做过的兼职,1,0,0,1,1,0,0,0,0,1,1,0,0,1,1,0,1,满足安全需要（工作稳定，很少有焦虑）
83,MWWw0nXM,2MdDNAWM,派*星,2022-2-16 14:39,2022-2-16 14:43,287,1,NriUJr,大学生兼职调查,106.33.168.47,114.667762,33.619544,河南省,周口市,MOBILE,iOS,Apple WebKit,390px*844px,,男,烟台南山学院东海校区航空学院,大三,河南省，周口市,是,,,,,,,,,,,,,,,,,,,,,4-7份,0,0,1,0,1,1,0,1,1,1,0,1,0,1,0,1,1,1,0,寒暑假,3001?5000元,非常不满意,0,0,0,0,0,1,,0,1,1,0,0,1,0,支持,校外,,,,,,,1,0,1,0,1,0,实习、研发等与专业相关、有一定难度的兼职?,进行过,1,1,0,0,1,0,一到二个月,实习条件和薪资待遇,家乡城市,较多联系,,,,,7,6,公平,,,,,,,0,1,1,1,0,0,0,0,很有帮助,正式职业希望继续从事兼职做过的职业,1,1,1,1,0,0,0,1,1,0,1,0,0,1,1,0,1,满足自我实现需要（激发潜能，实现自己的价值）
84,M6BPG18M,nePOj8XL,天*了,2022-2-16 14:36,2022-2-16 14:41,331,1,NriUJr,大学生兼职调查,59.56.179.200,119.2804,26.061,福建省,福州市,MOBILE,Android,weixin,360px*780px,,女,福建江夏学院工商管理学院,大四,福建省，福州市,是,,,,,,,,,,,,,,,,,,,,,2-3份,0,0,1,0,1,0,0,0,1,1,0,0,0,0,0,1,1,1,1,寒暑假,1001?2000元,非常不满意,0,0,0,0,0,1,,0,1,0,1,0,1,0,中立,校内,1,0,0,0,0,助教、科研、实验室助手等?,,,,,,,,进行过,1,1,0,0,1,0,二到四个月,与专业的相关性,家乡城市,密切密切,,,,,5,5,存在较少不公平现象,,,,,,,0,1,1,0,0,0,0,0,有一点帮助,正式职业希望继续从事兼职做过的职业,1,0,0,0,0,0,0,0,1,1,1,0,0,0,1,0,1,满足安全需要（工作稳定，很少有焦虑）
85,MDPx16kM,J7B4R53e,cdm****L26Vx,2022-2-16 14:36,2022-2-16 14:41,308,1,NriUJr,大学生兼职调查,223.104.106.41,114.643341,33.632024,河南省,周口市,MOBILE,Android,weixin,360px*804px,,男,洛阳理工学院机械工程,大四,河南省，周口市,是,,,,,,,,,,,,,,,,,,,,,4-7份,1,0,1,0,0,1,1,1,1,1,0,1,0,0,0,1,1,1,1,寒暑假,2001-3000 元,非常不满意,1,0,1,0,1,0,其他,0,1,1,1,1,0,0,支持,校外,,,,,,,0,1,1,0,1,0,实习、研发等与专业相关、有一定难度的兼职?,暂时没有打算,,,,,,,,,,,,,,,4,5,存在较少不公平现象,,,,,,,1,0,1,0,0,0,1,0,有一点帮助,正式职业不会选择少数做过的兼职,1,0,0,1,1,0,0,0,1,0,1,1,0,1,1,0,1,满足自我实现需要（激发潜能，实现自己的价值）
86,7AxOKkAM,Bep4mABe,有**不清,2022-2-16 14:36,2022-2-16 14:40,275,1,NriUJr,大学生兼职调查,60.223.153.80,113.832928,37.494085,山西省,晋中市,MOBILE,Android,Chrome,360px*792px,,女,太原师范学院,大四,山西省，晋中市,是,,,,,,,,,,,,,,,,,,,,,1份,1,0,0,0,0,0,0,0,0,1,0,1,0,0,0,1,0,0,0,周末,501-1000元,非常不满意,0,0,0,0,0,1,,0,1,1,0,0,0,0,中立,校内,1,0,0,0,0,校内服务型兼职（餐厅兼职、校园推广等）,,,,,,,,进行过,1,0,0,0,0,0,四到六个月,与专业的相关性,学校所在城市,较多联系,,,,,5,5,存在较少不公平现象,,,,,,,0,1,1,0,0,0,0,0,很有帮助,正式职业之外可以继续保持该兼职,0,0,1,1,0,0,0,0,0,1,0,1,0,0,0,1,1,受到尊重（工作体面有尊严
87,Lm9qxPKL,J7qodO2e,cdm****Hh0fe,2022-2-16 14:35,2022-2-16 14:39,217,1,NriUJr,大学生兼职调查,112.97.246.56,116.014465,26.476377,江西省,赣州市,MOBILE,Android,weixin,360px*792px,,女,江西外语外贸职业学院,大二,江西省，南昌市,是,,,,,,,,,,,,,,,,,,,,,2-3份,1,1,1,1,0,1,0,1,1,1,0,1,0,0,1,1,1,1,0,周末,1001?2000元,非常不满意,1,0,0,1,0,0,向相关部门投诉,1,1,1,1,1,1,0,中立,校外,,,,,,,0,0,0,0,1,0,实习、研发等与专业相关、有一定难度的兼职?,进行过,1,0,1,0,1,0,一到二个月,与专业的相关性,一线城市,密切密切,,,,,6,6,存在较少不公平现象,,,,,,,0,1,1,0,0,0,0,0,很有帮助,正式职业希望继续从事兼职做过的职业,1,1,1,0,1,0,0,1,0,1,0,1,0,1,1,0,1,满足自我实现需要（激发潜能，实现自己的价值）
88,e5yNG2Ke,xebmZYJL,cdm****Xkqxv,2022-2-16 14:32,2022-2-16 14:37,291,1,NriUJr,大学生兼职调查,223.73.143.46,116.390205,23.231738,广东省,汕头市,MOBILE,Android,weixin,360px*800px,,男,揭阳职业技术学院,大一,广东省，汕头市,是,,,,,,,,,,,,,,,,,,,,,2-3份,0,0,1,0,0,1,1,1,1,1,0,1,0,0,0,1,0,0,1,寒暑假,501-1000元,非常不满意,1,0,1,1,0,1,,1,1,1,0,1,1,0,支持,校外,,,,,,,1,0,1,1,0,0,时间短暂来钱快上手快的兼职,准备进行,,,,,,,,,,,大于六个月,与专业的相关性,一线城市,较多联系,6,5,存在较多不公平现象,1,0,0,1,1,0,0,1,1,0,1,0,1,0,有一点帮助,正式职业之外可以继续保持该兼职,1,1,1,1,1,0,0,1,0,0,1,1,0,1,1,0,1,满足自我实现需要（激发潜能，实现自己的价值）
89,Lz9lQ3k7,z7AXgWAM,SO***X44,2022-2-16 14:32,2022-2-16 14:35,197,1,NriUJr,大学生兼职调查,112.4.194.95,120.54945,32.422334,江苏省,南通市,MOBILE,Android,Chrome,360px*780px,,女,江苏建筑职业技术学院,大三,江苏省，南通市,是,,,,,,,,,,,,,,,,,,,,,2-3份,0,0,1,0,1,0,0,1,1,1,0,0,0,1,0,1,1,1,0,寒暑假,1001?2000元,非常不满意,1,0,0,0,0,0,向相关部门投诉,1,0,1,1,0,0,0,支持,校内,1,1,1,0,0,校内服务型兼职（餐厅兼职、校园推广等）,,,,,,,,准备进行,,,,,,,,,,,四到六个月,实习条件和薪资待遇,家乡城市,密切密切,7,6,公平,,,,,,,1,1,1,0,1,0,0,0,很有帮助,正式职业希望继续从事兼职做过的职业,1,1,0,0,0,0,0,1,1,1,0,0,0,0,1,1,0,满足基本生活需要（满足日常基本的衣食住行和睡眠）
90,LGBArxa7,AM93okRL,cdm****G2vIh,2022-2-16 14:25,2022-2-16 14:33,461,1,NriUJr,大学生兼职调查,183.46.80.135,110.335421,21.001447,广东省,湛江市,MOBILE,Android,weixin,360px*803px,,男,岭南师范学院计算机与智能教育学院,大三,广东省，茂名市,是,,,,,,,,,,,,,,,,,,,,,2-3份,0,1,1,1,0,0,0,1,1,1,1,1,0,0,1,1,0,1,0,工作日,2001-3000 元,非常不满意,1,0,0,1,0,0,向相关部门投诉,1,1,0,0,1,1,0,中立,校内,1,0,0,1,0,校内服务型兼职（餐厅兼职、校园推广等）,,,,,,,,进行过,0,0,1,0,0,0,一到二个月,与专业的相关性,学校所在城市,较多联系,,,,,6,7,存在较少不公平现象,,,,,,,1,1,0,0,1,0,0,0,很有帮助,正式职业不会选择少数做过的兼职,1,0,1,1,0,0,0,1,1,0,1,0,0,0,1,1,1,满足安全需要（工作稳定，很少有焦虑）
91,eyPbkVnL,xModRlB7,****,2022-2-16 14:26,2022-2-16 14:32,339,1,NriUJr,大学生兼职调查,223.104.14.120,113.261189,39.186877,山西省,忻州市,MOBILE,Android,weixin,360px*800px,,女,太原师范学院,大三,山西省，太原市,是,,,,,,,,,,,,,,,,,,,,,2-3份,1,0,1,0,0,0,0,1,1,0,1,0,0,1,0,1,1,0,0,节假日,501-1000元,非常不满意,1,0,0,1,0,0,忍气吞声，自认倒霉,0,0,1,0,0,1,0,支持,校内,1,0,1,0,0,校内服务型兼职（餐厅兼职、校园推广等）,,,,,,,,进行过,0,1,0,1,0,0,一个月,实习条件和薪资待遇,学校所在城市,较多联系,,,,,5,5,存在较少不公平现象,,,,,,,0,0,1,1,0,0,0,0,有一点帮助,正式职业不会选择少数做过的兼职,0,1,1,1,0,0,0,0,1,1,1,0,0,1,1,0,0,满足安全需要（工作稳定，很少有焦虑）
92,e8YAGZ4M,o7jDXloe,Re***i.,2022-2-16 14:22,2022-2-16 14:28,339,1,NriUJr,大学生兼职调查,112.228.202.141,118.160164,34.708366,山东省,临沂市,MOBILE,Android,Chrome,360px*780px,,女,枣庄学院 食品科学与制药工程学院,大二,山东省，临沂市,是,,,,,,,,,,,,,,,,,,,,,2-3份,1,0,1,0,0,0,0,1,1,1,0,1,0,1,0,1,1,0,0,节假日,1001?2000元,非常不满意,0,0,0,0,0,1,,0,0,1,0,1,1,0,支持,校外,,,,,,,1,1,0,0,1,0,实习、研发等与专业相关、有一定难度的兼职?,准备进行,,,,,,,,,,,二到四个月,与专业的相关性,学校所在城市,较多联系,5,6,存在较少不公平现象,,,,,,,0,1,1,1,1,0,0,0,很有帮助,正式职业之外可以继续保持该兼职,1,0,1,1,0,0,0,1,0,0,1,1,0,0,1,1,1,满足自我实现需要（激发潜能，实现自己的价值）
93,eNQOgnvL,0eybrPPM,cdm****SmxwR,2022-2-16 14:22,2022-2-16 14:27,291,1,NriUJr,大学生兼职调查,39.144.160.10,115.833787,32.901587,安徽省,阜阳市,MOBILE,Android,weixin,400px*867px,,女,中科大人文,研二,安徽省，阜阳市,是,,,,,,,,,,,,,,,,,,,,,2-3份,1,1,0,0,1,0,0,1,1,1,1,0,0,0,0,1,1,0,0,周末,1001?2000元,非常不满意,1,0,1,0,0,0,向相关部门投诉,1,1,1,1,0,0,0,支持,校内,1,0,0,1,0,助教、科研、实验室助手等?,,,,,,,,进行过,1,0,1,0,1,0,一个月,实习条件和薪资待遇,学校所在城市,较多联系,,,,,4,4,存在较多不公平现象,1,1,0,0,0,0,1,1,1,1,1,0,0,0,基本没有帮助,,1,0,0,0,1,0,0,0,0,0,0,1,0,1,1,0,1,满足安全需要（工作稳定，很少有焦虑）
94,MRD6bvxL,Bepaby8M,cdm****s418z,2022-2-16 14:22,2022-2-16 14:26,212,1,NriUJr,大学生兼职调查,58.101.157.96,119.727575,29.937715,浙江省,杭州市,MOBILE,Android,Chrome,360px*803px,,男,长春人文学院护理福祉学院,大二,浙江省，杭州市,是,,,,,,,,,,,,,,,,,,,,,2-3份,0,0,0,1,0,1,0,1,1,0,0,0,0,0,0,1,1,0,0,寒暑假,2001-3000 元,非常不满意,1,0,0,0,0,0,向相关部门投诉,0,0,0,1,1,0,0,中立,校外,,,,,,,1,0,0,0,1,0,时间短暂来钱快上手快的兼职,准备进行,,,,,,,,,,,一到二个月,实习条件和薪资待遇,学校所在城市,较多联系,6,6,存在较多不公平现象,1,0,0,1,0,0,0,0,0,1,1,0,0,0,有一点帮助,正式职业不会选择绝大多数做过的兼职,0,0,0,1,0,1,0,1,1,0,0,0,0,0,1,1,0,受到尊重（工作体面有尊严
95,e4BAGXD7,0eykWJ87,17***69032,2022-2-16 14:20,2022-2-16 14:25,301,1,NriUJr,大学生兼职调查,120.231.47.65,110.772516,21.848672,广东省,茂名市,MOBILE,Android,weixin,393px*873px,,男,广东第二师范学院,大一,广东省，茂名市,是,,,,,,,,,,,,,,,,,,,,,2-3份,0,0,1,0,1,0,0,1,1,1,0,1,0,0,0,1,1,0,0,寒暑假,2001-3000 元,非常不满意,1,0,0,0,0,0,向相关部门投诉,1,1,0,0,1,1,0,支持,校外,,,,,,,0,0,0,1,1,0,实习、研发等与专业相关、有一定难度的兼职?,进行过,1,0,1,0,0,0,一到二个月,可以给出实习证明即可,学校所在城市,较多联系,,,,,5,6,存在较少不公平现象,,,,,,,0,0,1,1,0,0,0,0,很有帮助,正式职业不会选择绝大多数做过的兼职,1,0,0,1,1,0,0,1,1,0,0,1,0,0,0,1,1,满足自我实现需要（激发潜能，实现自己的价值）
96,7YpQN5aM,nePx22Ne,cdm****ILhQi,2022-2-16 14:15,2022-2-16 14:24,535,1,NriUJr,大学生兼职调查,183.167.59.3,116.630281,32.782509,安徽省,淮南市,MOBILE,Android,weixin,360px*800px,,男,滁州学院工商管理学院,大三,安徽省，合肥市,是,,,,,,,,,,,,,,,,,,,,,2-3份,1,0,1,0,0,0,0,1,1,1,0,1,0,1,1,1,1,0,0,周末,1001?2000元,非常不满意,0,0,1,1,1,0,诉诸法律,0,1,1,1,1,0,0,中立,校内,1,1,1,0,0,助教、科研、实验室助手等?,,,,,,,,准备进行,,,,,,,,,,,二到四个月,公司层次和品牌形象,一线城市,密切密切,6,5,存在较少不公平现象,,,,,,,0,1,1,1,0,0,0,0,有一点帮助,正式职业之外可以继续保持该兼职,1,1,1,0,0,0,0,1,1,1,0,0,0,1,1,0,1,受到尊重（工作体面有尊严
97,M1KA5yDL,JekjYZzL,cdm****aLqTs,2022-2-16 14:17,2022-2-16 14:24,409,1,NriUJr,大学生兼职调查,183.9.208.182,110.335421,21.001447,广东省,湛江市,MOBILE,Android,weixin,360px*803px,,男,赣州学院数学系,大四,江西省，新余市,是,,,,,,,,,,,,,,,,,,,,,4-7份,1,0,1,1,1,0,0,1,1,0,1,1,0,1,1,0,0,1,0,工作日,2001-3000 元,非常不满意,0,0,0,0,0,1,,0,1,1,0,0,1,0,中立,校外,,,,,,,0,1,0,1,0,0,实习、研发等与专业相关、有一定难度的兼职?,进行过,1,1,0,0,0,0,二到四个月,与专业的相关性,学校所在城市,较多联系,,,,,6,7,存在较少不公平现象,,,,,,,1,1,1,0,0,0,0,0,很有帮助,正式职业不会选择少数做过的兼职,1,0,1,0,1,0,0,1,0,1,1,0,0,0,1,1,0,满足安全需要（工作稳定，很少有焦虑）
98,7YpQN5WM,kMrmKlBe,－陈.****dei.,2022-2-16 14:19,2022-2-16 14:23,207,1,NriUJr,大学生兼职调查,39.144.168.68,114.772174,25.645929,江西省,赣州市,MOBILE,Android,Chrome,360px*800px,,女,青少年教育系院,大一,江西省，赣州市,否,非常赞同,3,有过,1,1,1,1,0,0,1,1,1,0,寒暑假,3001?5000元,,,,,,,,,,,,,,,,,,,,,,,,,,,,非常不满意,,,,,,,,,,,,,,,,,,,,,,,,,,,,,,,,,,,,,,,,,,,,,,,,,,,,,,,,,,,,,,,,0,1,1,1,0,0,0,0,0,1,1,1,0,0,1,1,1,有归属感和社交（单位氛围暖心，与同事关系融洽）
99,MJnOQn3M,J7qz4EGL,cdm****EFyNM,2022-2-16 14:17,2022-2-16 14:20,219,1,NriUJr,大学生兼职调查,111.227.17.82,118.145857,39.638398,河北省,唐山市,MOBILE,iOS,Apple WebKit,414px*896px,,女,Glasgow 计算机,研一,河北省，唐山市,是,,,,,,,,,,,,,,,,,,,,,1份,0,0,0,1,0,0,0,1,0,0,0,0,0,0,0,1,0,0,0,节假日,500元及以下,非常不满意,0,0,0,0,1,0,忍气吞声，自认倒霉,0,0,1,0,0,0,0,支持,校内,1,1,1,0,0,助教、科研、实验室助手等?,,,,,,,,准备进行,,,,,,,,,,,二到四个月,与专业的相关性,一线城市,密切密切,5,5,公平,,,,,,,0,0,0,0,0,0,0,1,有一点帮助,正式职业不会选择绝大多数做过的兼职,0,1,0,0,0,0,0,0,0,1,1,0,0,0,1,0,0,受到尊重（工作体面有尊严
100,e5yNGyVe,5LmWR3DM,cdm****tBcFP,2022-2-16 14:16,2022-2-16 14:20,218,1,NriUJr,大学生兼职调查,182.243.193.110,103.8022676,25.4944078,云南省,曲靖市,MOBILE,iOS,weixin,390px*844px,,女,设计艺术学院,大二,云南省，曲靖市,是,,,,,,,,,,,,,,,,,,,,,2-3份,0,1,0,0,0,0,0,1,0,1,0,0,0,0,0,1,0,0,1,周末,501-1000元,非常不满意,1,0,1,0,0,0,忍气吞声，自认倒霉,0,1,0,0,0,0,1,中立,校外,,,,,,,1,0,1,1,1,0,时间短暂来钱快上手快的兼职,准备进行,,,,,,,,,,,大于六个月,实习条件和薪资待遇,一线城市,较多联系,5,5,存在较少不公平现象,,,,,,,0,1,1,1,0,0,0,0,有一点帮助,正式职业不会选择绝大多数做过的兼职,0,1,0,0,0,0,0,0,1,0,0,0,0,0,1,0,0,满足安全需要（工作稳定，很少有焦虑）
101,7j9QR9KM,J7BGGRzL,希*,2022-2-16 13:56,2022-2-16 14:19,1344,1,NriUJr,大学生兼职调查,112.224.129.247,117.317007,36.128068,山东省,泰安市,MOBILE,Android,weixin,360px*780px,,女,泰山护理职业学院,大三,山东省，泰安市,是,,,,,,,,,,,,,,,,,,,,,2-3份,0,0,0,0,1,1,0,1,0,1,0,0,0,0,0,1,1,0,0,节假日,500元及以下,非常不满意,1,0,0,0,0,0,向相关部门投诉,1,0,1,0,0,0,0,中立,校内,1,1,1,1,0,校内服务型兼职（餐厅兼职、校园推广等）,,,,,,,,准备进行,,,,,,,,,,,二到四个月,实习条件和薪资待遇,家乡城市,较多联系,4,5,存在较少不公平现象,,,,,,,0,1,1,1,0,0,0,0,有一点帮助,正式职业希望继续从事兼职做过的职业,1,1,0,0,0,0,0,0,0,1,1,1,0,1,1,0,1,满足安全需要（工作稳定，很少有焦虑）
102,MdP1oPAM,5LmxGAn7,cdm****pth9w,2022-2-16 14:15,2022-2-16 14:19,208,1,NriUJr,大学生兼职调查,112.96.115.25,113.0014822,28.1931259,湖南省,长沙市,MOBILE,iOS,weixin,375px*812px,,女,湖南信息学院,大四,湖南省，长沙市,是,,,,,,,,,,,,,,,,,,,,,1份,1,0,0,0,0,0,0,0,1,0,0,0,0,0,0,1,0,0,0,周末,2001-3000 元,非常不满意,0,0,0,0,0,1,,1,1,1,1,1,1,0,支持,校内,0,1,1,1,0,助教、科研、实验室助手等?,,,,,,,,准备进行,,,,,,,,,,,一到二个月,实习条件和薪资待遇,学校所在城市,较多联系,5,6,存在较少不公平现象,,,,,,,0,1,1,0,0,0,0,0,很有帮助,正式职业希望继续从事兼职做过的职业,1,1,0,0,0,0,0,1,1,1,0,0,0,1,1,1,0,有归属感和社交（单位氛围暖心，与同事关系融洽）
103,eP2O48d7,z7AVDwyL,cdm****x60Kv,2022-2-16 14:07,2022-2-16 14:16,544,1,NriUJr,大学生兼职调查,119.123.128.83,114.06031,22.72174,广东省,深圳市,COMPUTER,Windows,weixin,1440px*900px,,女,武汉职业技术学院 国贸,大三,湖北省，武汉市,是,,,,,,,,,,,,,,,,,,,,,2-3份,1,0,1,0,1,0,0,1,1,1,1,1,0,1,0,1,1,1,0,周末,501-1000元,非常不满意,0,0,1,0,0,0,寻求家长、老师帮助,0,0,1,1,1,1,0,支持,校外,,,,,,,0,0,1,0,1,0,实习、研发等与专业相关、有一定难度的兼职?,进行过,1,0,1,0,1,0,一到二个月,与专业的相关性,学校所在城市,较多联系,,,,,7,7,公平,,,,,,,0,1,1,0,1,0,0,0,很有帮助,正式职业希望继续从事兼职做过的职业,1,1,1,0,0,0,0,1,0,1,1,0,0,1,1,0,1,满足自我实现需要（激发潜能，实现自己的价值）
104,Mo120ONL,RMWw94XM,cdm****Ja9cA,2022-2-16 14:13,2022-2-16 14:16,172,1,NriUJr,大学生兼职调查,117.83.50.45,121.032091,31.316206,江苏省,苏州市,MOBILE,Android,weixin,393px*786px,,男,苏州城市学院,大一,江苏省，苏州市,否,推荐,5,有过,0,1,1,0,0,0,1,1,1,0,寒暑假,3001?5000元,,,,,,,,,,,,,,,,,,,,,,,,,,,,非常不满意,,,,,,,,,,,,,,,,,,,,,,,,,,,,,,,,,,,,,,,,,,,,,,,,,,,,,,,,,,,,,,,,1,1,0,0,1,0,0,1,0,0,1,1,0,0,1,0,1,有归属感和社交（单位氛围暖心，与同事关系融洽）
105,Mx2zwZrL,G7Xk0RjM,小*子,2022-2-16 14:10,2022-2-16 14:15,259,1,NriUJr,大学生兼职调查,61.158.147.130,116.175385,34.255924,河南省,商丘市,MOBILE,Android,weixin,360px*800px,,男,许昌学院土木工程,大二,河南省，商丘市,是,,,,,,,,,,,,,,,,,,,,,2-3份,0,0,1,0,0,1,0,1,0,1,0,0,0,0,0,1,1,0,0,寒暑假,3001?5000元,非常不满意,1,0,0,1,0,0,向相关部门投诉,1,1,0,0,0,1,0,支持,校外,,,,,,,0,0,1,0,1,0,时间短暂来钱快上手快的兼职,准备进行,,,,,,,,,,,二到四个月,实习条件和薪资待遇,学校所在城市,密切密切,7,6,存在较少不公平现象,,,,,,,1,1,0,0,0,1,0,0,很有帮助,正式职业希望继续从事兼职做过的职业,1,0,0,1,0,0,0,1,0,1,0,1,0,1,1,0,1,满足安全需要（工作稳定，很少有焦虑）
106,MdP1oEAM,QL0Kz0J7,cdm****ooCds,2022-2-16 14:08,2022-2-16 14:14,372,1,NriUJr,大学生兼职调查,223.104.66.225,110.364519,20.998866,广东省,湛江市,MOBILE,Android,weixin,393px*851px,,女,百色学院文学院,大三,广西壮族自治区，梧州市,是,,,,,,,,,,,,,,,,,,,,,2-3份,0,0,1,1,0,0,0,1,1,1,1,1,0,1,0,1,1,0,0,工作日,2001-3000 元,非常不满意,1,0,0,1,0,0,向相关部门投诉,0,1,0,1,0,1,0,中立,校内,1,0,1,0,0,校内服务型兼职（餐厅兼职、校园推广等）,,,,,,,,准备进行,,,,,,,,,,,一到二个月,可以给出实习证明即可,学校所在城市,较多联系,6,5,公平,,,,,,,1,1,0,1,0,0,0,0,很有帮助,正式职业之外可以继续保持该兼职,0,1,1,0,1,0,0,0,1,1,0,1,0,0,1,0,1,有归属感和社交（单位氛围暖心，与同事关系融洽）
107,e8YAqpxM,27azaJbL,cdm****FxNNW,2022-2-16 14:08,2022-2-16 14:13,284,1,NriUJr,大学生兼职调查,1.80.175.43,109.192404,34.3752,陕西省,西安市,MOBILE,iOS,Apple WebKit,414px*896px,,女,西安翻译学院 英文学院,大二,陕西省，西安市,是,,,,,,,,,,,,,,,,,,,,,4-7份,1,1,1,0,0,1,0,1,1,1,0,0,0,1,1,1,1,1,0,寒暑假,2001-3000 元,非常不满意,1,0,1,0,0,0,向相关部门投诉,1,1,1,1,1,1,0,中立,校外,,,,,,,1,1,1,1,1,0,实习、研发等与专业相关、有一定难度的兼职?,准备进行,,,,,,,,,,,二到四个月,与专业的相关性,学校所在城市,密切密切,6,6,存在较少不公平现象,,,,,,,0,1,1,1,0,0,0,0,有一点帮助,正式职业希望继续从事兼职做过的职业,1,1,1,1,0,0,0,1,1,1,0,0,0,1,1,0,1,满足自我实现需要（激发潜能，实现自己的价值）
108,7lO8K6gM,ve8QBNXM,Mo***er,2022-2-16 14:05,2022-2-16 14:10,272,1,NriUJr,大学生兼职调查,100.68.71.58,112.38024,26.958659,湖南省,衡阳市,MOBILE,Android,Chrome,393px*873px,,男,贺州学院人工智能学院,大二,湖南省，衡阳市,是,,,,,,,,,,,,,,,,,,,,,1份,0,0,1,0,0,0,0,1,0,0,0,0,0,1,0,0,0,0,0,周末,2001-3000 元,非常不满意,0,0,0,0,0,1,,0,0,1,1,1,0,0,中立,校内,1,1,1,0,0,助教、科研、实验室助手等?,,,,,,,,准备进行,,,,,,,,,,,二到四个月,与专业的相关性,一线城市,密切密切,5,5,存在较少不公平现象,,,,,,,0,0,1,0,0,0,1,0,基本没有帮助,,0,0,0,1,1,0,0,0,1,0,1,1,0,0,1,1,1,满足基本生活需要（满足日常基本的衣食住行和睡眠）
109,LQ8mawA7,5M2AbaNe,cdm****om310,2022-2-16 14:06,2022-2-16 14:09,147,1,NriUJr,大学生兼职调查,223.88.104.149,114.202489,35.152794,河南省,新乡市,MOBILE,Android,Chrome,360px*740px,,男,濮阳石油化工职业技术学院,大一,河南省，郑州市,否,推荐,5,有过,1,1,1,1,0,0,0,1,0,0,寒暑假,3001?5000元,,,,,,,,,,,,,,,,,,,,,,,,,,,,非常不满意,,,,,,,,,,,,,,,,,,,,,,,,,,,,,,,,,,,,,,,,,,,,,,,,,,,,,,,,,,,,,,,,1,0,0,0,1,0,0,1,1,1,0,0,0,1,1,1,0,受到尊重（工作体面有尊严
110,7XAkPndL,0eybp6bM,cdm****Uqsqu,2022-2-16 13:58,2022-2-16 14:06,482,1,NriUJr,大学生兼职调查,106.33.188.75,114.839009,33.317307,河南省,周口市,MOBILE,Android,weixin,360px*780px,,女,洛阳理工学院人文与社会学院,大四,河南省，周口市,是,,,,,,,,,,,,,,,,,,,,,2-3份,1,0,0,0,0,0,1,1,1,1,0,0,0,0,0,1,1,0,0,周末,501-1000元,非常不满意,0,0,1,0,0,0,忍气吞声，自认倒霉,0,0,1,0,1,1,0,支持,校外,,,,,,,1,0,0,1,1,0,时间短暂来钱快上手快的兼职,准备进行,,,,,,,,,,,一到二个月,实习条件和薪资待遇,学校所在城市,较多联系,3,3,存在较少不公平现象,,,,,,,0,1,1,0,1,0,0,0,有一点帮助,正式职业不会选择绝大多数做过的兼职,0,0,0,0,0,1,0,0,0,1,1,0,0,0,1,0,1,满足安全需要（工作稳定，很少有焦虑）
111,e3BAwlbL,p7YQ81W7,?,2022-2-16 14:01,2022-2-16 14:06,312,1,NriUJr,大学生兼职调查,112.195.3.128,106.068497,30.87069,四川省,南充市,MOBILE,Android,Chrome,360px*780px,,女,成都农业科技职业学院畜牧兽医学院,大一,四川省，南充市,是,,,,,,,,,,,,,,,,,,,,,2-3份,0,0,1,1,0,0,1,1,0,1,0,1,0,0,0,1,0,1,0,寒暑假,2001-3000 元,非常不满意,0,0,0,1,0,0,其他,0,0,1,1,0,1,0,支持,校外,,,,,,,1,0,1,1,1,0,时间短暂来钱快上手快的兼职,准备进行,,,,,,,,,,,一到二个月,实习条件和薪资待遇,家乡城市,较多联系,7,6,公平,,,,,,,1,1,0,0,0,0,0,0,很有帮助,正式职业不会选择绝大多数做过的兼职,1,1,0,0,0,0,0,1,0,1,1,0,0,1,1,0,1,有归属感和社交（单位氛围暖心，与同事关系融洽）
112,M9X0gY4e,27a6AEVL,cdm****Ac9z6,2022-2-16 14:01,2022-2-16 14:03,123,1,NriUJr,大学生兼职调查,58.214.219.201,119.867132,31.433985,江苏省,无锡市,MOBILE,iOS,Apple WebKit,428px*926px,,男,数学与统计学院,大三,江苏省，无锡市,是,,,,,,,,,,,,,,,,,,,,,1份,0,0,1,0,0,0,0,1,1,1,0,0,0,0,0,1,0,0,0,寒暑假,3001?5000元,非常不满意,0,0,0,0,0,1,,1,0,1,1,0,0,0,支持,校外,,,,,,,0,0,1,0,1,0,时间短暂来钱快上手快的兼职,暂时没有打算,,,,,,,,,,,,,,,5,5,公平,,,,,,,1,1,1,1,1,0,0,0,有一点帮助,正式职业不会选择绝大多数做过的兼职,1,1,0,1,0,0,0,1,0,1,1,0,0,1,0,0,0,有归属感和社交（单位氛围暖心，与同事关系融洽）
113,e4BAkz17,kMrxRVVL,1*8,2022-2-16 13:58,2022-2-16 14:03,294,1,NriUJr,大学生兼职调查,123.163.204.242,114.668282,33.595377,河南省,周口市,MOBILE,Android,weixin,360px*640px,,男,洛阳理工学院机械工程学院,大四,河南省，周口市,是,,,,,,,,,,,,,,,,,,,,,2-3份,1,0,1,0,1,0,0,1,0,1,1,0,0,1,0,1,0,1,0,周末,1001?2000元,非常不满意,1,0,1,0,1,0,寻求家长、老师帮助,1,0,1,0,1,0,0,支持,校内,0,1,1,0,0,助教、科研、实验室助手等?,,,,,,,,进行过,1,1,0,1,0,0,一个月,实习条件和薪资待遇,一线城市,较多联系,,,,,6,7,存在较少不公平现象,,,,,,,1,0,1,1,0,0,0,0,很有帮助,正式职业希望继续从事兼职做过的职业,1,0,1,1,0,0,0,1,0,1,0,1,0,1,0,1,0,有归属感和社交（单位氛围暖心，与同事关系融洽）
114,MDPxDQ3M,o7jVpRm7,李*鹏,2022-2-16 13:55,2022-2-16 14:01,360,1,NriUJr,大学生兼职调查,112.97.57.212,114.355434,22.680054,广东省,深圳市,MOBILE,Android,weixin,360px*740px,,男,湖南涉外经济学院，信息与机电工程学院,大四,湖南省，长沙市,是,,,,,,,,,,,,,,,,,,,,,2-3份,1,1,0,0,0,0,0,1,1,1,0,0,0,0,0,0,1,0,0,周末,501-1000元,非常不满意,0,0,0,0,0,1,,1,1,1,0,1,1,0,中立,校内,1,0,1,1,0,助教、科研、实验室助手等?,,,,,,,,准备进行,,,,,,,,,,,二到四个月,与专业的相关性,一线城市,较多联系,5,6,存在较少不公平现象,,,,,,,0,1,1,0,0,0,0,0,有一点帮助,正式职业不会选择绝大多数做过的兼职,0,0,0,1,0,0,0,1,0,1,0,1,0,1,1,0,1,满足自我实现需要（激发潜能，实现自己的价值）
115,Lz9l1j57,xLVPOOkM,cdm****pnnVp,2022-2-16 13:49,2022-2-16 13:57,486,1,NriUJr,大学生兼职调查,117.136.41.119,110.364519,20.998866,广东省,湛江市,MOBILE,Android,weixin,393px*851px,,女,广东石油化工学院土木工程学院,大三,广东省，汕头市,是,,,,,,,,,,,,,,,,,,,,,4-7份,0,1,1,0,1,0,0,1,0,1,1,0,0,1,0,1,0,1,0,工作日,3001?5000元,非常不满意,0,0,0,0,0,1,,1,1,0,1,1,0,0,支持,校内,1,0,1,0,0,助教、科研、实验室助手等?,,,,,,,,准备进行,,,,,,,,,,,一到二个月,公司层次和品牌形象,学校所在城市,较多联系,6,5,公平,,,,,,,0,1,1,0,0,0,0,0,很有帮助,正式职业之外可以继续保持该兼职,0,1,1,1,0,0,0,1,1,0,1,0,0,1,1,0,1,有归属感和社交（单位氛围暖心，与同事关系融洽）
116,ev9lJ4xL,z7APAoDM,cdm****nExqC,2022-2-16 13:48,2022-2-16 13:57,485,1,NriUJr,大学生兼职调查,14.150.190.41,110.339226,20.996616,广东省,湛江市,MOBILE,Android,Chrome,360px*803px,,男,韶关学院数统学院,大四,广东省，阳江市,是,,,,,,,,,,,,,,,,,,,,,4-7份,0,1,1,0,1,0,0,0,1,1,1,1,0,0,1,1,0,1,0,工作日,2001-3000 元,非常不满意,0,0,0,0,0,1,,1,0,1,0,1,0,0,支持,校内,1,0,1,1,0,助教、科研、实验室助手等?,,,,,,,,准备进行,,,,,,,,,,,二到四个月,实习条件和薪资待遇,学校所在城市,较多联系,6,7,公平,,,,,,,0,1,1,0,0,0,0,0,很有帮助,正式职业不会选择少数做过的兼职,1,1,0,0,1,0,0,0,1,0,1,1,0,1,1,1,0,满足安全需要（工作稳定，很少有焦虑）
117,eEKADxv7,qM6qzrJe,cdm****XMhGH,2022-2-16 13:45,2022-2-16 13:53,427,1,NriUJr,大学生兼职调查,112.96.138.140,110.351,21.00002,广东省,湛江市,MOBILE,Android,Chrome,360px*640px,,女,湛江科技学院智能工程学院,大四,广东省，清远市,是,,,,,,,,,,,,,,,,,,,,,4-7份,1,1,1,0,1,0,0,1,1,0,1,0,0,1,0,1,1,0,0,周末,2001-3000 元,非常不满意,0,0,0,0,0,1,,0,1,0,1,1,0,0,支持,校内,0,1,1,0,0,助教、科研、实验室助手等?,,,,,,,,进行过,1,0,1,0,0,0,一到二个月,与专业的相关性,学校所在城市,较多联系,,,,,6,5,公平,,,,,,,0,1,1,1,0,0,0,0,很有帮助,正式职业之外可以继续保持该兼职,1,0,1,1,0,0,0,1,0,1,1,0,0,1,0,1,0,满足安全需要（工作稳定，很少有焦虑）
118,MRD6aoKL,ve8rpbz7,cdm****M8ipk,2022-2-16 13:49,2022-2-16 13:53,191,1,NriUJr,大学生兼职调查,223.104.66.233,110.869861,22.26764,广东省,茂名市,MOBILE,Android,weixin,393px*873px,,男,广财工商,大二,广东省，茂名市,是,,,,,,,,,,,,,,,,,,,,,1份,0,0,1,0,0,0,0,1,0,0,0,1,0,0,0,1,0,0,0,周末,501-1000元,非常不满意,0,0,0,0,0,1,,0,0,1,1,0,1,0,支持,校内,1,1,0,0,0,助教、科研、实验室助手等?,,,,,,,,暂时没有打算,,,,,,,,,,,,,,,4,5,存在较少不公平现象,,,,,,,0,0,1,0,1,0,0,0,基本没有帮助,,0,0,0,0,0,1,0,0,1,0,1,0,0,1,1,1,0,满足基本生活需要（满足日常基本的衣食住行和睡眠）
119,7qXdG2gM,Ke5NER4M,cdm****xedCh,2022-2-16 13:48,2022-2-16 13:52,229,1,NriUJr,大学生兼职调查,144.12.220.73,119.944975,36.742311,山东省,青岛市,MOBILE,Android,Chrome,360px*800px,,女,齐鲁理工学院文学院,大四,山东省，青岛市,是,,,,,,,,,,,,,,,,,,,,,1份,0,0,0,0,1,0,1,1,1,1,0,0,0,1,0,0,1,1,0,寒暑假,2001-3000 元,非常不满意,0,0,0,0,0,1,,1,1,1,1,1,1,0,支持,校外,,,,,,,0,1,1,0,1,0,实习、研发等与专业相关、有一定难度的兼职?,进行过,0,1,0,1,1,0,二到四个月,与专业的相关性,家乡城市,较多联系,,,,,4,3,存在较少不公平现象,,,,,,,0,1,0,1,0,0,1,0,有一点帮助,正式职业希望继续从事兼职做过的职业,0,1,0,1,0,0,0,1,1,1,0,0,0,1,1,0,1,受到尊重（工作体面有尊严
120,7YpQabxM,pLzlAQ8M,菲*,2022-2-16 13:50,2022-2-16 13:52,104,1,NriUJr,大学生兼职调查,171.14.78.205,115.388685,36.033673,河南省,濮阳市,MOBILE,Android,Chrome,360px*800px,,女,南阳师范学院音乐学院,大一,河南省，濮阳市,否,推荐,4,有过,0,0,1,0,0,0,1,0,1,0,周末,501-1000元,,,,,,,,,,,,,,,,,,,,,,,,,,,,非常不满意,,,,,,,,,,,,,,,,,,,,,,,,,,,,,,,,,,,,,,,,,,,,,,,,,,,,,,,,,,,,,,,,0,0,1,0,1,0,0,1,1,1,0,0,0,1,1,1,0,满足自我实现需要（激发潜能，实现自己的价值）
121,ebqmDVNL,BMDxDEKM,**,2022-2-16 13:48,2022-2-16 13:51,229,1,NriUJr,大学生兼职调查,110.245.157.103,117.752984,41.310639,河北省,承德市,MOBILE,Android,Chrome,360px*640px,,女,中央艺术学院,大三,河北省，承德市,是,,,,,,,,,,,,,,,,,,,,,4-7份,1,0,1,0,1,0,0,1,0,1,0,1,0,1,0,1,1,1,0,周末,1001?2000元,非常不满意,0,0,1,1,0,0,向相关部门投诉,0,1,1,1,1,1,0,支持,校外,,,,,,,1,0,1,0,1,0,实习、研发等与专业相关、有一定难度的兼职?,准备进行,,,,,,,,,,,二到四个月,公司层次和品牌形象,学校所在城市,较多联系,4,5,存在较少不公平现象,,,,,,,1,0,1,0,0,0,1,0,有一点帮助,正式职业不会选择少数做过的兼职,1,0,1,1,1,0,0,1,0,1,1,0,0,1,1,0,1,满足基本生活需要（满足日常基本的衣食住行和睡眠）
122,eP2OaVo7,AM9K5vrL,Ir***isme,2022-2-16 13:44,2022-2-16 13:51,412,1,NriUJr,大学生兼职调查,61.130.112.70,121.51637,29.76454,浙江省,宁波市,COMPUTER,Windows,Chrome,1366px*768px,,女,南昌理工学院,大三,江西省，上饶市,是,,,,,,,,,,,,,,,,,,,,,2-3份,1,0,1,0,1,0,0,1,1,1,0,0,0,0,0,1,1,1,0,周末,2001-3000 元,非常不满意,0,0,1,0,0,0,向相关部门投诉,0,0,1,0,0,0,0,支持,校内,1,0,0,1,0,助教、科研、实验室助手等?,,,,,,,,准备进行,,,,,,,,,,,二到四个月,公司层次和品牌形象,学校所在城市,较多联系,4,5,存在较少不公平现象,,,,,,,0,1,1,1,0,0,0,0,有一点帮助,正式职业不会选择少数做过的兼职,0,1,1,1,1,0,0,1,0,1,1,0,0,0,1,0,1,满足自我实现需要（激发潜能，实现自己的价值）
123,MgErpA5L,5LmqRqdL,cdm****BJXJ1,2022-2-16 13:47,2022-2-16 13:49,139,1,NriUJr,大学生兼职调查,120.1.27.253,114.1645,38.1912,河北省,石家庄市,MOBILE,Android,weixin,360px*780px,,男,邢台职业技术学院,大二,河北省，石家庄市,是,,,,,,,,,,,,,,,,,,,,,2-3份,0,0,1,0,1,0,0,0,1,1,0,0,0,0,0,1,1,0,0,寒暑假,2001-3000 元,非常不满意,0,0,0,0,0,1,,0,0,1,1,0,1,0,支持,校外,,,,,,,0,0,0,0,1,0,实习、研发等与专业相关、有一定难度的兼职?,准备进行,,,,,,,,,,,一到二个月,实习条件和薪资待遇,其他城市,密切密切,5,6,存在较少不公平现象,,,,,,,0,1,1,0,0,0,0,0,有一点帮助,正式职业不会选择少数做过的兼职,0,1,0,0,0,0,0,0,0,1,0,0,0,1,0,0,0,有归属感和社交（单位氛围暖心，与同事关系融洽）
124,LwPDb2qe,WLGr2657,f**w,2022-2-16 13:41,2022-2-16 13:49,467,1,NriUJr,大学生兼职调查,58.51.94.242,112.203711,32.093924,湖北省,襄阳市,MOBILE,Android,weixin,360px*803px,,女,武汉职业技术学院,大一,湖北省，襄阳市,是,,,,,,,,,,,,,,,,,,,,,1份,0,0,1,0,0,0,0,1,1,1,0,0,0,0,0,1,1,0,0,寒暑假,1001?2000元,非常不满意,0,1,1,0,1,0,其他,0,0,1,1,1,1,0,支持,校外,,,,,,,0,0,0,1,1,0,实习、研发等与专业相关、有一定难度的兼职?,准备进行,,,,,,,,,,,一个月,与专业的相关性,学校所在城市,较多联系,4,5,存在较少不公平现象,,,,,,,1,1,1,0,0,0,0,0,很有帮助,正式职业不会选择绝大多数做过的兼职,0,0,0,0,0,1,0,0,0,1,1,1,0,1,1,1,0,有归属感和社交（单位氛围暖心，与同事关系融洽）
125,Mr5nJQ0e,pLz9w0K7,迁鸟***公英,2022-2-16 13:40,2022-2-16 13:49,507,1,NriUJr,大学生兼职调查,106.33.232.94,114.843271,33.319098,河南省,周口市,MOBILE,Android,weixin,360px*780px,,女,中国地质大学马克思主义学院,研二,河南省，郑州市,是,,,,,,,,,,,,,,,,,,,,,2-3份,0,1,0,0,1,0,0,1,1,0,0,0,0,0,0,1,0,0,0,周末,500元及以下,非常不满意,1,0,0,0,0,0,忍气吞声，自认倒霉,0,1,0,1,0,1,0,支持,校内,0,0,1,0,0,助教、科研、实验室助手等?,,,,,,,,准备进行,,,,,,,,,,,一到二个月,实习条件和薪资待遇,学校所在城市,较多联系,4,5,存在较少不公平现象,,,,,,,0,1,1,1,0,0,0,0,有一点帮助,正式职业不会选择绝大多数做过的兼职,0,0,0,1,0,0,0,0,1,0,1,0,0,0,1,1,1,有归属感和社交（单位氛围暖心，与同事关系融洽）
126,MZqyp1je,27anAWwL,L,2022-2-16 13:39,2022-2-16 13:47,474,1,NriUJr,大学生兼职调查,223.13.51.150,111.676309,36.458261,山西省,临汾市,MOBILE,Android,Chrome,360px*800px,,女,山西青年职业学院,大三,山西省，临汾市,是,,,,,,,,,,,,,,,,,,,,,2-3份,0,0,0,0,1,0,0,1,1,0,0,0,0,0,0,0,1,1,0,工作日,2001-3000 元,非常不满意,1,0,0,0,0,0,忍气吞声，自认倒霉,0,1,1,1,0,0,0,支持,校外,,,,,,,1,1,1,1,1,0,时间短暂来钱快上手快的兼职,进行过,1,1,0,0,1,0,四到六个月,实习条件和薪资待遇,学校所在城市,较少联系,,,,,4,5,存在较多不公平现象,0,1,1,1,1,0,1,0,0,0,0,0,1,1,有一点帮助,正式职业不会选择少数做过的兼职,1,0,0,1,0,0,0,1,0,1,0,0,0,0,0,0,1,满足安全需要（工作稳定，很少有焦虑）
127,LVJraApL,kM1Ay6yM,**,2022-2-16 13:41,2022-2-16 13:47,383,1,NriUJr,大学生兼职调查,119.86.205.53,109.013529,30.850297,重庆市,县,MOBILE,Android,Chrome,360px*800px,,女,重庆安全技术学院,大一,重庆市，县,是,,,,,,,,,,,,,,,,,,,,,1份,0,0,1,0,0,0,0,1,0,1,0,1,0,0,0,1,0,1,0,工作日,501-1000元,非常不满意,1,0,1,0,0,0,其他,0,1,1,1,0,0,0,中立,校外,,,,,,,0,0,1,0,1,0,时间短暂来钱快上手快的兼职,准备进行,,,,,,,,,,,一到二个月,实习条件和薪资待遇,一线城市,较多联系,5,6,公平,,,,,,,0,1,1,1,0,0,0,0,很有帮助,正式职业不会选择绝大多数做过的兼职,0,0,0,1,0,0,0,1,1,0,1,0,0,1,1,0,1,满足自我实现需要（激发潜能，实现自己的价值）
128,Lz9l1Bj7,leNgNWWM,渔*,2022-2-16 13:43,2022-2-16 13:47,198,1,NriUJr,大学生兼职调查,117.136.124.211,115.271412,26.383653,江西省,赣州市,MOBILE,Android,Chrome,360px*800px,,女,九江学院文学与传媒学院,大二,江西省，赣州市,是,,,,,,,,,,,,,,,,,,,,,2-3份,1,0,0,1,0,1,0,1,1,0,0,0,0,0,1,0,1,1,0,寒暑假,3001?5000元,非常不满意,0,0,0,0,0,1,,0,0,1,1,1,1,0,支持,校外,,,,,,,0,0,0,1,1,0,实习、研发等与专业相关、有一定难度的兼职?,准备进行,,,,,,,,,,,一到二个月,实习条件和薪资待遇,学校所在城市,较多联系,3,3,存在较少不公平现象,,,,,,,0,1,1,0,0,0,1,0,有一点帮助,正式职业不会选择绝大多数做过的兼职,1,1,0,1,0,0,0,0,0,1,1,0,0,0,1,1,1,满足基本生活需要（满足日常基本的衣食住行和睡眠）
129,MRD6ax9L,0ey4WobL,阿**答题,2022-2-16 13:39,2022-2-16 13:46,427,1,NriUJr,大学生兼职调查,117.150.183.72,115.97371,30.269269,湖北省,黄冈市,MOBILE,Android,Chrome,360px*800px,,男,湖北文理学院 食化学院,大二,湖北省，黄冈市,是,,,,,,,,,,,,,,,,,,,,,2-3份,0,0,0,1,0,0,1,1,0,0,0,1,0,1,1,1,0,0,0,周末,1001?2000元,非常不满意,0,0,0,1,0,0,寻求家长、老师帮助,0,1,1,0,1,0,0,中立,校外,,,,,,,1,1,0,0,1,0,时间短暂来钱快上手快的兼职,暂时没有打算,,,,,,,,,,,,,,,5,5,公平,,,,,,,1,0,1,0,1,0,0,0,有一点帮助,正式职业之外可以继续保持该兼职,0,1,1,1,1,0,0,1,1,0,1,0,0,1,1,0,1,有归属感和社交（单位氛围暖心，与同事关系融洽）
130,LQ8maO47,qM6Gl287,cdm****8f98H,2022-2-16 13:36,2022-2-16 13:45,556,1,NriUJr,大学生兼职调查,171.221.54.72,104.085554,30.689519,四川省,成都市,MOBILE,Android,Chrome,393px*851px,,女,西昌学院外国语学院,大二,四川省，成都市,是,,,,,,,,,,,,,,,,,,,,,2-3份,0,0,1,1,0,0,0,1,1,0,0,0,0,0,0,1,1,0,0,寒暑假,501-1000元,非常不满意,0,0,0,0,0,1,,0,0,1,1,1,0,0,支持,校内,1,1,1,0,0,助教、科研、实验室助手等?,,,,,,,,暂时没有打算,,,,,,,,,,,,,,,5,5,存在较少不公平现象,,,,,,,1,1,1,0,0,0,0,0,有一点帮助,正式职业之外可以继续保持该兼职,1,0,0,1,0,0,0,0,0,1,1,0,0,1,1,0,1,满足安全需要（工作稳定，很少有焦虑）
131,Lm9qB5KL,aMgBpd5e,**,2022-2-16 13:41,2022-2-16 13:45,254,1,NriUJr,大学生兼职调查,101.89.122.127,104.275866,30.578542,四川省,成都市,MOBILE,Android,weixin,360px*800px,,女,四川托普信息技术职业学院,大二,四川省，成都市,是,,,,,,,,,,,,,,,,,,,,,1份,0,0,0,0,1,0,0,1,1,1,0,0,0,0,1,0,1,0,0,寒暑假,5000元以上,非常不满意,0,1,1,0,0,0,向相关部门投诉,1,0,1,1,0,1,0,支持,校外,,,,,,,0,1,0,1,1,0,时间短暂来钱快上手快的兼职,准备进行,,,,,,,,,,,四到六个月,实习条件和薪资待遇,一线城市,密切密切,7,7,公平,,,,,,,1,1,1,1,0,0,0,0,很有帮助,正式职业之外可以继续保持该兼职,0,1,0,1,1,0,0,0,0,1,1,1,0,1,1,0,1,有归属感和社交（单位氛围暖心，与同事关系融洽）
132,M28ArvAL,leNgXKJM,cdm****rlAa0,2022-2-16 13:40,2022-2-16 13:43,221,1,NriUJr,大学生兼职调查,183.228.202.110,108.76845,28.84429,重庆市,县,MOBILE,Android,Chrome,393px*851px,,男,长江师范学院管理学院,大三,重庆市，市辖区,是,,,,,,,,,,,,,,,,,,,,,1份,0,0,0,0,1,0,0,1,0,1,0,0,0,0,0,1,0,0,0,寒暑假,3001?5000元,非常不满意,0,0,0,0,0,1,,0,0,1,0,0,0,0,支持,校内,0,0,1,0,0,助教、科研、实验室助手等?,,,,,,,,进行过,1,0,0,0,1,0,二到四个月,实习条件和薪资待遇,其他城市,密切密切,,,,,5,5,公平,,,,,,,0,1,1,0,0,0,1,0,有一点帮助,正式职业不会选择少数做过的兼职,1,0,1,0,0,0,0,1,0,0,1,0,0,1,1,0,1,满足安全需要（工作稳定，很少有焦虑）
133,epD4JOxe,yevloEQ7,丛*宇,2022-2-16 13:34,2022-2-16 13:41,435,1,NriUJr,大学生兼职调查,117.136.58.59,125.702062,44.541872,吉林省,长春市,MOBILE,Android,Chrome,424px*942px,,男,吉林科技职业技术学院 汽车应用学院,大二,吉林省，长春市,是,,,,,,,,,,,,,,,,,,,,,2-3份,1,0,1,0,0,0,0,1,1,0,0,0,0,1,0,0,1,0,0,寒暑假,2001-3000 元,非常不满意,1,0,0,0,0,0,忍气吞声，自认倒霉,1,0,1,0,0,0,0,支持,校外,,,,,,,1,1,0,0,0,0,时间短暂来钱快上手快的兼职,准备进行,,,,,,,,,,,一到二个月,与专业的相关性,家乡城市,较多联系,5,6,存在较少不公平现象,,,,,,,0,0,1,1,0,0,0,0,有一点帮助,正式职业希望继续从事兼职做过的职业,1,1,0,0,0,0,0,0,0,1,1,1,0,1,1,0,1,满足安全需要（工作稳定，很少有焦虑）
134,7qXdGxlM,5LwoO3pL,cdm****E9L5u,2022-2-16 13:33,2022-2-16 13:41,473,1,NriUJr,大学生兼职调查,119.167.194.137,112.887751,27.863238,湖南省,湘潭市,COMPUTER,Mac OS X,Safari,810px*1080px,,女,湖南商学院，会计学院,大二,湖南省，长沙市,是,,,,,,,,,,,,,,,,,,,,,10份以上,1,1,1,0,0,0,0,1,1,1,0,1,0,1,0,1,1,0,0,周末,1001?2000元,非常不满意,0,0,0,1,0,0,寻求家长、老师帮助,1,1,1,1,1,1,0,支持,校内,0,1,0,0,0,校内服务型兼职（餐厅兼职、校园推广等）,,,,,,,,准备进行,,,,,,,,,,,二到四个月,公司层次和品牌形象,家乡城市,较多联系,5,6,公平,,,,,,,0,1,1,1,0,0,0,0,很有帮助,正式职业之外可以继续保持该兼职,1,1,1,1,1,0,0,1,0,0,1,1,0,1,1,0,1,满足安全需要（工作稳定，很少有焦虑）
135,Mr5nJE6e,oe4GYb1L,cdm****0aIvR,2022-2-16 13:32,2022-2-16 13:41,500,1,NriUJr,大学生兼职调查,39.144.23.236,111.485903,33.33023,河南省,南阳市,MOBILE,Android,weixin,360px*800px,,女,信阳师范学院教育科学学院,大三,河南省，南阳市,是,,,,,,,,,,,,,,,,,,,,,4-7份,1,0,1,0,0,1,0,1,1,1,0,0,0,1,0,0,1,0,0,寒暑假,501-1000元,非常不满意,1,1,0,1,0,0,忍气吞声，自认倒霉,1,0,1,1,0,1,0,支持,校外,,,,,,,1,1,0,0,1,0,实习、研发等与专业相关、有一定难度的兼职?,准备进行,,,,,,,,,,,二到四个月,实习条件和薪资待遇,学校所在城市,较多联系,4,5,存在较多不公平现象,1,1,0,1,1,0,1,1,1,1,1,0,0,0,有一点帮助,正式职业不会选择绝大多数做过的兼职,0,0,0,1,0,0,0,0,0,1,1,0,0,1,1,0,1,满足自我实现需要（激发潜能，实现自己的价值）
136,Mo12J40L,RMW5rZrL,闪舞***@婷@,2022-2-16 13:26,2022-2-16 13:40,791,1,NriUJr,大学生兼职调查,117.136.91.127,113.28171,35.770625,山西省,晋城市,MOBILE,Android,weixin,360px*770px,,女,运城学院 数学与信息技术学院,大三,山西省，吕梁市,是,,,,,,,,,,,,,,,,,,,,,2-3份,0,0,0,0,1,0,0,0,1,1,1,0,0,0,0,1,0,0,0,寒暑假,501-1000元,非常不满意,0,0,0,0,0,1,,1,0,0,0,1,1,0,支持,校内,1,0,1,1,0,助教、科研、实验室助手等?,,,,,,,,进行过,1,0,0,1,0,0,一个月,与专业的相关性,一线城市,密切密切,,,,,6,6,公平,,,,,,,0,1,1,1,0,0,0,0,很有帮助,正式职业希望继续从事兼职做过的职业,0,1,0,0,1,0,0,1,0,1,0,0,1,0,1,0,1,满足自我实现需要（激发潜能，实现自己的价值）
137,7lO8KqWM,veEQy2Pe,cdm****6N3Fb,2022-2-16 13:37,2022-2-16 13:39,155,1,NriUJr,大学生兼职调查,106.34.115.191,112.414973,32.89625,河南省,南阳市,MOBILE,Android,weixin,360px*780px,,男,郑州工商学院,大二,河南省，南阳市,是,,,,,,,,,,,,,,,,,,,,,2-3份,1,1,0,0,1,0,0,0,1,1,1,1,0,0,0,1,1,1,0,节假日,1001?2000元,非常不满意,1,1,0,0,0,0,向相关部门投诉,1,0,1,1,0,0,0,支持,校外,,,,,,,1,1,0,1,0,0,实习、研发等与专业相关、有一定难度的兼职?,准备进行,,,,,,,,,,,一到二个月,与专业的相关性,一线城市,较多联系,6,6,公平,,,,,,,0,1,1,0,0,0,0,0,很有帮助,正式职业希望继续从事兼职做过的职业,0,0,1,1,0,0,0,0,0,1,1,1,0,1,1,1,0,有归属感和社交（单位氛围暖心，与同事关系融洽）
138,LQ8maoY7,JekDXjQM,好*字,2022-2-16 13:32,2022-2-16 13:39,448,1,NriUJr,大学生兼职调查,223.90.119.71,114.12536,32.08906,河南省,信阳市,COMPUTER,Windows,Chrome,1366px*768px,,女,南开法学院,研二,河南省，信阳市,是,,,,,,,,,,,,,,,,,,,,,2-3份,1,0,0,0,1,0,0,1,1,1,0,0,0,0,0,1,1,0,0,寒暑假,501-1000元,非常不满意,1,0,0,1,0,0,向相关部门投诉,1,0,1,0,1,1,0,支持,校外,,,,,,,0,0,0,1,1,0,实习、研发等与专业相关、有一定难度的兼职?,进行过,1,0,1,0,1,0,一到二个月,与专业的相关性,家乡城市,密切密切,,,,,5,5,存在较少不公平现象,,,,,,,0,1,1,0,0,0,0,0,有一点帮助,正式职业不会选择绝大多数做过的兼职,1,0,0,1,0,0,0,0,1,1,1,0,0,1,1,0,1,满足自我实现需要（激发潜能，实现自己的价值）
139,7aQnpqV7,G7XkZboM,cdm****6D1KC,2022-2-16 13:35,2022-2-16 13:39,205,1,NriUJr,大学生兼职调查,183.253.226.225,118.671722,26.621732,福建省,宁德市,MOBILE,iOS,Apple WebKit,414px*896px,,女,福建商学院,大三,福建省，宁德市,是,,,,,,,,,,,,,,,,,,,,,2-3份,0,0,0,1,0,0,1,1,0,1,0,0,0,1,0,1,1,0,0,寒暑假,1001?2000元,非常不满意,0,0,0,0,0,1,,1,1,1,0,0,1,0,支持,校外,,,,,,,1,0,0,0,1,0,实习、研发等与专业相关、有一定难度的兼职?,准备进行,,,,,,,,,,,一到二个月,实习条件和薪资待遇,家乡城市,较少联系,6,6,公平,,,,,,,0,1,1,0,1,0,0,0,很有帮助,正式职业之外可以继续保持该兼职,1,0,1,1,0,0,0,1,1,1,0,0,0,0,1,0,1,满足基本生活需要（满足日常基本的衣食住行和睡眠）
140,Lz9l1PK7,BMDDYJ9M,cdm****UtBeO,2022-2-16 13:30,2022-2-16 13:36,389,1,NriUJr,大学生兼职调查,223.88.62.34,113.671971,34.782249,河南省,郑州市,MOBILE,Android,Chrome,393px*851px,,男,中原工学院纺织学院,大三,河南省，郑州市,是,,,,,,,,,,,,,,,,,,,,,2-3份,1,0,1,0,0,0,0,1,1,0,0,0,0,0,0,1,0,1,0,节假日,501-1000元,非常不满意,0,0,1,0,0,0,忍气吞声，自认倒霉,0,0,1,1,1,0,0,中立,校内,0,1,1,0,0,助教、科研、实验室助手等?,,,,,,,,准备进行,,,,,,,,,,,一到二个月,可以留用,学校所在城市,较多联系,5,5,存在较少不公平现象,,,,,,,1,1,0,0,0,0,0,0,有一点帮助,正式职业不会选择绝大多数做过的兼职,0,0,0,1,1,0,0,1,1,1,0,0,0,1,1,0,1,受到尊重（工作体面有尊严
141,en9gJGBL,QL0DogRL,cdm****nU1Y4,2022-2-16 13:32,2022-2-16 13:36,264,1,NriUJr,大学生兼职调查,1.70.162.50,112.387896,39.300927,山西省,朔州市,MOBILE,Android,weixin,360px*780px,,男,山西卫生健康职业学院,大一,山西省，朔州市,是,,,,,,,,,,,,,,,,,,,,,1份,0,0,1,0,0,0,0,1,0,0,0,1,0,1,0,1,1,0,0,寒暑假,2001-3000 元,非常不满意,1,0,0,1,0,0,忍气吞声，自认倒霉,0,1,1,0,0,0,0,支持,校外,,,,,,,0,0,1,1,1,0,时间短暂来钱快上手快的兼职,暂时没有打算,,,,,,,,,,,,,,,4,4,存在较少不公平现象,,,,,,,1,0,1,0,0,0,1,0,有一点帮助,正式职业希望继续从事兼职做过的职业,0,1,1,1,0,0,0,0,1,0,1,1,0,0,1,1,1,满足基本生活需要（满足日常基本的衣食住行和睡眠）
142,7BGODOKL,xLVjZPVL,森*,2022-2-16 13:24,2022-2-16 13:36,710,1,NriUJr,大学生兼职调查,223.104.1.98,113.3645488,23.1384099,广东省,广州市,MOBILE,iOS,weixin,414px*736px,,男,福建大学经济学院,大四,安徽省，合肥市,是,,,,,,,,,,,,,,,,,,,,,2-3份,0,0,1,0,1,0,0,1,1,1,0,1,0,0,1,0,1,1,0,周末,1001?2000元,非常不满意,0,0,0,0,0,1,,1,1,1,1,1,1,0,支持,校外,,,,,,,0,0,1,1,1,0,实习、研发等与专业相关、有一定难度的兼职?,进行过,1,0,0,1,1,0,二到四个月,与专业的相关性,学校所在城市,较多联系,,,,,5,6,存在较少不公平现象,,,,,,,0,1,1,0,0,0,0,0,很有帮助,正式职业希望继续从事兼职做过的职业,1,1,1,1,1,0,0,1,0,1,1,0,0,1,1,0,1,满足自我实现需要（激发潜能，实现自己的价值）
143,eyPb6kQL,DMxzbrrL,S**n.,2022-2-16 13:30,2022-2-16 13:35,312,1,NriUJr,大学生兼职调查,222.246.235.42,112.900413,25.186227,湖南省,郴州市,MOBILE,Android,weixin,360px*803px,,女,湖南工业职业技术学院,大一,湖南省，郴州市,是,,,,,,,,,,,,,,,,,,,,,2-3份,0,0,1,0,0,0,0,1,0,0,0,0,0,0,0,1,0,0,0,周末,2001-3000 元,非常不满意,0,0,0,0,1,0,向相关部门投诉,0,0,1,1,1,0,0,中立,校外,,,,,,,1,0,0,0,1,0,时间短暂来钱快上手快的兼职,暂时没有打算,,,,,,,,,,,,,,,4,5,存在较少不公平现象,,,,,,,0,0,0,0,0,0,0,1,有一点帮助,正式职业不会选择绝大多数做过的兼职,0,0,0,0,0,1,0,0,0,1,1,1,0,1,1,0,1,有归属感和社交（单位氛围暖心，与同事关系融洽）
144,MdP1A0zM,kM1Bg4D7,玺*,2022-2-16 13:30,2022-2-16 13:34,283,1,NriUJr,大学生兼职调查,223.104.37.148,116.827274,30.744302,安徽省,安庆市,MOBILE,Android,weixin,360px*780px,,女,皖江工学院,大四,安徽省，安庆市,是,,,,,,,,,,,,,,,,,,,,,7-10份,0,0,1,0,1,1,0,1,1,1,0,1,0,1,0,1,1,1,1,节假日,3001?5000元,非常不满意,0,0,0,0,0,1,,0,1,1,1,1,1,0,支持,校外,,,,,,,0,0,1,1,1,1,时间短暂来钱快上手快的兼职,进行过,0,0,0,0,1,1,二到四个月,实习条件和薪资待遇,学校所在城市,较少联系,,,,,7,4,存在较少不公平现象,,,,,,,1,1,1,0,0,0,1,1,有一点帮助,正式职业不会选择绝大多数做过的兼职,1,1,0,0,0,0,0,0,0,1,1,1,0,1,1,0,1,满足安全需要（工作稳定，很少有焦虑）
145,epD4JGNe,xMo0Azd7,王*,2022-2-16 13:31,2022-2-16 13:34,178,1,NriUJr,大学生兼职调查,124.164.199.63,112.864054,35.644178,山西省,晋城市,MOBILE,Android,Chrome,393px*873px,,男,晋城职业技术学院,大三,山西省，晋城市,是,,,,,,,,,,,,,,,,,,,,,2-3份,0,0,1,0,1,0,0,1,1,1,0,0,0,0,1,1,0,1,0,周末,501-1000元,非常不满意,0,1,1,1,0,0,向相关部门投诉,1,1,1,1,1,1,0,支持,校外,,,,,,,0,1,0,0,1,0,实习、研发等与专业相关、有一定难度的兼职?,进行过,1,0,1,1,0,0,大于六个月,实习条件和薪资待遇,一线城市,较多联系,,,,,6,6,公平,,,,,,,0,1,1,0,0,0,0,0,很有帮助,正式职业希望继续从事兼职做过的职业,1,1,1,1,1,0,0,1,0,1,1,0,0,1,1,0,1,有归属感和社交（单位氛围暖心，与同事关系融洽）
146,MJnODkkM,2MdXkBXM,cdm****eWddV,2022-2-16 13:29,2022-2-16 13:32,191,1,NriUJr,大学生兼职调查,39.144.181.33,113.872323,35.30042,河南省,新乡市,MOBILE,Android,Chrome,360px*780px,,女,中原科技学院 商学院,大三,河南省，新乡市,是,,,,,,,,,,,,,,,,,,,,,1份,0,1,0,0,0,0,0,1,0,0,0,0,0,0,0,1,0,0,0,工作日,501-1000元,非常不满意,0,0,0,0,0,1,,1,1,1,1,1,1,0,支持,校外,,,,,,,1,1,0,1,1,0,时间短暂来钱快上手快的兼职,暂时没有打算,,,,,,,,,,,,,,,4,5,存在较少不公平现象,,,,,,,1,1,1,0,1,1,0,0,很有帮助,正式职业不会选择绝大多数做过的兼职,1,1,1,1,0,0,0,0,0,1,1,1,0,1,1,0,1,满足安全需要（工作稳定，很少有焦虑）
147,LOyOD5xM,9LQd5pG7,**,2022-2-16 13:29,2022-2-16 13:32,180,1,NriUJr,大学生兼职调查,112.97.211.213,115.906595,22.910165,广东省,汕尾市,MOBILE,Android,weixin,360px*770px,,女,仲恺农业工程学院计算科学学院,大四,广东省，汕尾市,是,,,,,,,,,,,,,,,,,,,,,2-3份,1,0,1,0,0,0,0,1,0,1,0,0,0,1,0,1,0,0,0,寒暑假,3001?5000元,非常不满意,1,1,0,0,0,0,寻求家长、老师帮助,0,1,0,1,0,0,0,支持,校外,,,,,,,0,0,1,1,0,0,实习、研发等与专业相关、有一定难度的兼职?,准备进行,,,,,,,,,,,二到四个月,可以留用,一线城市,较少联系,5,6,存在较少不公平现象,,,,,,,0,1,1,0,1,0,0,0,很有帮助,正式职业不会选择绝大多数做过的兼职,0,0,1,0,0,0,0,1,0,1,0,0,0,0,1,1,0,有归属感和社交（单位氛围暖心，与同事关系融洽）
148,MJnODx1M,RMWa2QGL,cdm****EFCVA,2022-2-16 13:25,2022-2-16 13:31,350,1,NriUJr,大学生兼职调查,112.47.107.190,118.512088,25.110065,福建省,泉州市,MOBILE,Android,weixin,360px*780px,,女,福建工程学院管理学院,大二,福建省，福州市,是,,,,,,,,,,,,,,,,,,,,,2-3份,1,0,1,1,0,1,0,1,1,0,1,1,0,1,0,1,0,1,0,周末,501-1000元,非常不满意,1,0,1,0,0,0,向相关部门投诉,1,1,1,0,1,0,0,支持,校内,1,0,1,0,0,助教、科研、实验室助手等?,,,,,,,,准备进行,,,,,,,,,,,二到四个月,实习条件和薪资待遇,一线城市,密切密切,6,5,存在较少不公平现象,,,,,,,1,1,1,0,0,0,0,0,有一点帮助,正式职业不会选择绝大多数做过的兼职,1,1,0,1,1,0,0,1,0,1,1,0,0,1,1,0,1,满足自我实现需要（激发潜能，实现自己的价值）
149,7aQnp9N7,0eyodvQ7,杉*,2022-2-16 13:26,2022-2-16 13:30,226,1,NriUJr,大学生兼职调查,112.96.179.239,113.3210985,23.126472,广东省,广州市,MOBILE,iOS,weixin,375px*667px,,女,华威大学商学院,研二,贵州省，贵阳市,是,,,,,,,,,,,,,,,,,,,,,2-3份,1,0,0,0,1,0,0,1,1,1,0,0,0,0,0,1,1,0,0,寒暑假,501-1000元,非常不满意,0,0,0,0,0,1,,0,0,0,0,1,1,0,支持,校内,1,1,0,0,0,助教、科研、实验室助手等?,,,,,,,,进行过,0,0,1,0,1,0,一到二个月,与专业的相关性,一线城市,较多联系,,,,,5,5,存在较多不公平现象,1,0,0,0,0,0,1,1,0,1,1,0,1,0,很有帮助,正式职业希望继续从事兼职做过的职业,1,0,1,1,0,0,0,1,1,0,0,1,0,1,1,0,0,满足基本生活需要（满足日常基本的衣食住行和睡眠）
150,M1KAXGBL,aMgOkZOM,随*,2022-2-16 13:26,2022-2-16 13:30,248,1,NriUJr,大学生兼职调查,223.155.5.48,111.401457,27.19898,湖南省,邵阳市,MOBILE,Android,weixin,393px*873px,,男,邵阳学院经管学院,大四,湖南省，岳阳市,是,,,,,,,,,,,,,,,,,,,,,2-3份,1,0,1,0,1,0,0,1,1,1,0,0,0,0,0,1,1,1,0,寒暑假,2001-3000 元,非常不满意,0,0,0,0,0,1,,1,1,1,1,0,0,0,支持,校外,,,,,,,0,0,0,1,1,0,实习、研发等与专业相关、有一定难度的兼职?,进行过,0,0,0,0,1,0,二到四个月,公司层次和品牌形象,家乡城市,较多联系,,,,,5,6,公平,,,,,,,1,1,1,1,0,0,0,0,很有帮助,正式职业不会选择绝大多数做过的兼职,0,0,0,0,0,1,0,1,0,1,1,0,0,1,0,1,1,满足自我实现需要（激发潜能，实现自己的价值）
151,L0mDYrye,nePPGzye,别**肥脸,2022-2-16 13:26,2022-2-16 13:29,186,1,NriUJr,大学生兼职调查,112.36.248.5,116.920987,36.653228,山东省,济南市,MOBILE,Android,weixin,360px*780px,,女,山东青年政治学院,大三,山东省，济南市,是,,,,,,,,,,,,,,,,,,,,,2-3份,0,0,1,0,0,0,0,1,0,0,0,1,0,0,0,1,0,0,0,寒暑假,501-1000元,非常不满意,0,0,0,0,0,1,,0,0,1,0,1,1,0,支持,校内,0,0,0,1,0,助教、科研、实验室助手等?,,,,,,,,准备进行,,,,,,,,,,,一到二个月,可以留用,家乡城市,较多联系,5,6,无所谓,,,,,,,0,1,0,1,0,0,0,0,很有帮助,正式职业不会选择绝大多数做过的兼职,1,0,1,0,0,0,0,0,1,1,0,0,0,0,1,0,1,满足自我实现需要（激发潜能，实现自己的价值）
152,MdP1AWbM,z7APY2zM,cdm****ZQRRo,2022-2-16 13:25,2022-2-16 13:28,218,1,NriUJr,大学生兼职调查,115.60.85.173,113.617542,34.690119,河南省,郑州市,MOBILE,Android,weixin,393px*851px,,女,郑州师范学院文学院,大四,河南省，郑州市,是,,,,,,,,,,,,,,,,,,,,,2-3份,1,0,1,0,0,0,0,1,1,1,0,0,0,0,0,1,1,0,0,周末,501-1000元,非常不满意,0,1,0,1,0,0,其他,0,1,1,1,1,1,0,支持,校外,,,,,,,1,1,0,1,1,0,实习、研发等与专业相关、有一定难度的兼职?,进行过,1,0,1,0,0,0,四到六个月,与专业的相关性,家乡城市,密切密切,,,,,6,5,存在较多不公平现象,1,1,1,1,1,0,0,1,1,1,0,0,0,0,有一点帮助,正式职业不会选择绝大多数做过的兼职,1,1,0,0,0,0,0,0,0,1,1,1,0,1,1,1,0,满足安全需要（工作稳定，很少有焦虑）
153,7qXdGlGM,AM9gvW9L,e**th.,2022-2-16 13:24,2022-2-16 13:28,232,1,NriUJr,大学生兼职调查,117.136.33.8,116.704907,23.462215,广东省,潮州市,MOBILE,Android,Chrome,412px*915px,,男,吉林建筑科技学院交通工程学院,大三,吉林省，长春市,是,,,,,,,,,,,,,,,,,,,,,1份,0,0,1,0,1,0,0,1,1,0,0,1,0,0,0,1,1,1,0,寒暑假,3001?5000元,非常不满意,1,0,0,1,0,0,忍气吞声，自认倒霉,0,0,1,1,1,0,0,支持,校外,,,,,,,0,1,0,1,0,0,实习、研发等与专业相关、有一定难度的兼职?,准备进行,,,,,,,,,,,二到四个月,实习条件和薪资待遇,家乡城市,较多联系,6,6,存在较少不公平现象,,,,,,,1,0,1,0,0,0,0,0,很有帮助,正式职业不会选择绝大多数做过的兼职,0,0,0,0,0,1,0,1,0,1,1,0,0,1,0,0,1,满足安全需要（工作稳定，很少有焦虑）
154,LwPDbRve,p7YQWgx7,cdm****6gDe9,2022-2-16 13:25,2022-2-16 13:29,248,1,NriUJr,大学生兼职调查,183.229.29.36,109.862607,31.078206,重庆市,县,MOBILE,Android,weixin,393px*873px,,女,重庆外语外事学院,大二,重庆市，县,是,,,,,,,,,,,,,,,,,,,,,1份,0,0,0,0,0,0,1,1,0,1,0,1,0,0,0,0,0,0,1,寒暑假,1001?2000元,非常不满意,0,0,0,0,1,0,其他,0,0,1,1,1,0,0,支持,校内,1,0,1,1,0,校内服务型兼职（餐厅兼职、校园推广等）,,,,,,,,暂时没有打算,,,,,,,,,,,,,,,4,5,存在较少不公平现象,,,,,,,0,0,0,0,1,0,0,1,有一点帮助,正式职业不会选择绝大多数做过的兼职,1,0,1,0,0,0,0,0,0,1,1,0,0,1,1,0,1,满足安全需要（工作稳定，很少有焦虑）
155,Mr5nJA6e,Jekz9QQL,cdm****pccXo,2022-2-16 13:22,2022-2-16 13:28,329,1,NriUJr,大学生兼职调查,223.104.197.45,112.970856,39.072994,山西省,忻州市,MOBILE,Android,Chrome,360px*780px,,男,哈尔滨铁道职业技术学院 铁道建筑学院,大三,山西省，忻州市,是,,,,,,,,,,,,,,,,,,,,,1份,0,0,0,0,1,1,0,1,1,1,0,0,0,1,1,0,1,0,0,工作日,2001-3000 元,非常不满意,1,1,0,0,1,0,寻求家长、老师帮助,1,1,1,1,0,0,0,支持,校内,1,0,1,1,0,校内服务型兼职（餐厅兼职、校园推广等）,,,,,,,,进行过,1,0,1,0,1,0,二到四个月,公司层次和品牌形象,一线城市,较多联系,,,,,6,7,公平,,,,,,,1,1,1,0,1,0,0,0,很有帮助,正式职业希望继续从事兼职做过的职业,1,1,1,1,0,0,0,1,1,1,0,0,0,1,1,0,0,满足安全需要（工作稳定，很少有焦虑）
156,7BGODjnL,yevJ65Ae,cdm****fLrsY,2022-2-16 13:24,2022-2-16 13:28,198,1,NriUJr,大学生兼职调查,112.224.154.175,119.219368,36.434465,山东省,潍坊市,MOBILE,Android,Chrome,360px*780px,,男,枣庄学院经济与管理学院,大四,山东省，枣庄市,是,,,,,,,,,,,,,,,,,,,,,4-7份,1,1,1,0,1,0,0,1,1,0,0,1,0,1,0,1,1,1,0,寒暑假,2001-3000 元,非常不满意,0,0,0,0,0,1,,1,0,1,1,1,1,0,支持,校外,,,,,,,0,0,0,1,1,0,时间短暂来钱快上手快的兼职,进行过,1,0,1,0,1,0,一到二个月,可以给出实习证明即可,家乡城市,较多联系,,,,,6,6,存在较少不公平现象,,,,,,,0,1,1,0,0,0,0,0,很有帮助,正式职业希望继续从事兼职做过的职业,1,1,1,1,1,0,0,0,0,1,1,1,0,0,1,1,1,有归属感和社交（单位氛围暖心，与同事关系融洽）
157,e5yNQBKe,WMR6nOPM,九,2022-2-16 13:23,2022-2-16 13:27,242,1,NriUJr,大学生兼职调查,39.149.38.70,113.412361,32.364606,河南省,南阳市,MOBILE,Android,weixin,393px*851px,,男,河南职业技术，数字创意设计学院,大二,河南省，南阳市,是,,,,,,,,,,,,,,,,,,,,,2-3份,0,1,1,1,0,0,0,1,0,0,0,0,0,1,0,1,0,0,0,周末,500元及以下,非常不满意,0,1,1,0,1,0,忍气吞声，自认倒霉,0,1,0,0,0,0,0,中立,校内,1,1,1,0,0,助教、科研、实验室助手等?,,,,,,,,准备进行,,,,,,,,,,,二到四个月,实习条件和薪资待遇,一线城市,无所谓,4,6,无所谓,,,,,,,1,0,1,0,0,0,0,0,有一点帮助,正式职业不会选择绝大多数做过的兼职,0,0,0,1,0,0,0,0,1,0,0,0,0,0,0,0,1,满足自我实现需要（激发潜能，实现自己的价值）
158,7lO8KOxM,9LQqRZGL,cdm****TajLZ,2022-2-16 13:22,2022-2-16 13:26,244,1,NriUJr,大学生兼职调查,117.136.50.139,108.910031,34.232895,陕西省,西安市,MOBILE,Android,weixin,360px*803px,,女,西电 电院,研一,陕西省，西安市,是,,,,,,,,,,,,,,,,,,,,,1份,0,0,0,1,0,0,0,1,0,0,0,1,0,1,0,0,1,0,0,周末,2001-3000 元,非常不满意,0,1,1,0,0,0,向相关部门投诉,0,0,1,1,1,0,0,中立,校内,0,1,0,1,0,助教、科研、实验室助手等?,,,,,,,,准备进行,,,,,,,,,,,二到四个月,与专业的相关性,一线城市,较多联系,4,5,存在较少不公平现象,,,,,,,0,1,1,1,0,0,1,0,有一点帮助,正式职业之外可以继续保持该兼职,0,0,0,1,1,0,0,1,0,1,1,0,0,1,1,0,1,满足安全需要（工作稳定，很少有焦虑）
159,LOyOA0NM,J7BrQWn7,cdm****XlwkX,2022-2-16 13:14,2022-2-16 13:21,416,1,NriUJr,大学生兼职调查,223.104.45.236,118.6021164,24.6695126,福建省,泉州市,MOBILE,iOS,weixin,375px*812px,,女,厦门华厦学院商务与管理学院,大三,福建省，泉州市,是,,,,,,,,,,,,,,,,,,,,,2-3份,0,0,1,1,0,0,0,1,1,1,0,0,0,0,1,1,0,0,0,周末,3001?5000元,非常不满意,0,0,0,0,0,1,,0,1,1,0,0,1,0,中立,校外,,,,,,,0,0,1,1,0,0,实习、研发等与专业相关、有一定难度的兼职?,准备进行,,,,,,,,,,,一到二个月,实习条件和薪资待遇,家乡城市,较多联系,5,5,存在较多不公平现象,0,0,1,0,1,0,0,1,1,0,0,0,0,0,有一点帮助,正式职业不会选择少数做过的兼职,1,0,0,1,1,0,0,1,1,1,0,0,0,1,0,1,1,有归属感和社交（单位氛围暖心，与同事关系融洽）
160,MdP10J6M,4enRQl2e,cdm****rUdip,2022-2-16 13:18,2022-2-16 13:20,109,1,NriUJr,大学生兼职调查,222.138.152.241,114.941944,34.621555,河南省,商丘市,MOBILE,Android,weixin,360px*800px,,男,郑州工程技术学院,大三,河南省，郑州市,是,,,,,,,,,,,,,,,,,,,,,2-3份,0,1,0,0,0,1,0,1,0,0,0,0,0,0,0,1,0,0,0,工作日,501-1000元,非常不满意,0,1,0,0,0,0,忍气吞声，自认倒霉,0,0,0,1,0,0,0,支持,校内,1,0,0,0,0,助教、科研、实验室助手等?,,,,,,,,暂时没有打算,,,,,,,,,,,,,,,4,5,公平,,,,,,,0,0,1,0,0,0,0,0,有一点帮助,正式职业不会选择少数做过的兼职,0,0,0,1,0,0,0,0,0,1,0,0,0,0,0,1,0,满足安全需要（工作稳定，很少有焦虑）
161,7AxOvqrM,WMRq565e,a**red,2022-2-16 13:11,2022-2-16 13:13,115,1,NriUJr,大学生兼职调查,182.146.162.219,105.478243,28.87045,四川省,泸州市,MOBILE,Android,weixin,360px*803px,,女,西财法学院,大四,四川省，成都市,是,,,,,,,,,,,,,,,,,,,,,2-3份,0,1,0,0,1,0,0,1,0,1,0,0,0,0,0,1,0,0,0,寒暑假,500元及以下,非常不满意,0,0,0,0,0,1,,0,0,0,0,1,0,0,中立,校内,1,1,1,0,0,助教、科研、实验室助手等?,,,,,,,,暂时没有打算,,,,,,,,,,,,,,,3,2,存在较少不公平现象,,,,,,,1,0,0,0,1,0,1,0,基本没有帮助,,0,0,0,0,0,1,0,0,1,0,1,0,0,0,0,0,1,满足安全需要（工作稳定，很少有焦虑）
162,MJnOolmM,G7XWYGBM,cdm****AdexE,2022-2-16 13:09,2022-2-16 13:13,215,1,NriUJr,大学生兼职调查,123.152.215.153,121.143905,30.040426,浙江省,宁波市,MOBILE,Android,weixin,360px*800px,,女,浙江经济职业技术学院,大一,浙江省，宁波市,是,,,,,,,,,,,,,,,,,,,,,1份,0,0,1,1,0,0,0,1,0,0,0,0,0,1,0,1,0,0,0,寒暑假,3001?5000元,非常不满意,0,0,0,0,0,1,,0,0,1,0,1,0,0,支持,校外,,,,,,,1,0,1,1,1,0,时间短暂来钱快上手快的兼职,暂时没有打算,,,,,,,,,,,,,,,4,6,存在较少不公平现象,,,,,,,0,0,0,0,0,0,1,0,有一点帮助,正式职业不会选择绝大多数做过的兼职,0,0,0,0,0,1,0,1,0,1,1,0,0,0,0,0,1,满足基本生活需要（满足日常基本的衣食住行和睡眠）
163,7j9QXkKM,2Md1dDZ7,cdm****9hrye,2022-2-16 13:06,2022-2-16 13:09,229,1,NriUJr,大学生兼职调查,117.136.106.176,112.246134,33.11305,河南省,南阳市,MOBILE,Android,weixin,360px*800px,,女,商丘工学院信息与电子工程,大三,河南省，南阳市,是,,,,,,,,,,,,,,,,,,,,,1份,0,0,1,0,0,0,0,0,1,0,0,1,0,0,0,0,0,1,1,周末,1001?2000元,非常不满意,0,0,0,0,1,0,其他,0,1,1,0,0,0,1,中立,校内,1,1,0,0,0,助教、科研、实验室助手等?,,,,,,,,准备进行,,,,,,,,,,,二到四个月,与专业的相关性,家乡城市,密切密切,5,5,存在较少不公平现象,,,,,,,0,0,1,0,0,0,0,0,有一点帮助,正式职业不会选择绝大多数做过的兼职,1,0,1,0,1,0,0,0,0,1,1,1,0,0,0,0,1,有归属感和社交（单位氛围暖心，与同事关系融洽）
164,Lm9qk8OL,kMrmyKEe,cdm****FI1Tm,2022-2-16 13:05,2022-2-16 13:08,172,1,NriUJr,大学生兼职调查,110.53.170.176,113.2652,26.7045,湖南省,郴州市,MOBILE,Android,weixin,393px*602px,,女,湖南工学院理学院,大三,湖南省，郴州市,是,,,,,,,,,,,,,,,,,,,,,1份,1,0,0,0,0,0,0,1,1,0,0,0,0,0,0,1,0,0,0,周末,1001?2000元,非常不满意,0,0,0,0,0,1,,0,1,1,0,1,0,0,中立,校外,,,,,,,1,0,0,0,1,0,实习、研发等与专业相关、有一定难度的兼职?,暂时没有打算,,,,,,,,,,,,,,,4,4,公平,,,,,,,0,1,1,1,0,0,0,0,有一点帮助,正式职业不会选择少数做过的兼职,0,0,0,0,0,1,0,1,0,1,0,0,0,0,1,0,1,满足自我实现需要（激发潜能，实现自己的价值）
165,7BGOd6EL,QL0POnqL,小*,2022-2-16 13:04,2022-2-16 13:08,224,1,NriUJr,大学生兼职调查,43.250.201.23,112.402983,28.553471,湖南省,益阳市,MOBILE,Android,weixin,424px*848px,,男,湖南城市学院,大一,湖南省，益阳市,是,,,,,,,,,,,,,,,,,,,,,1份,0,0,1,0,0,0,0,1,0,0,0,0,0,0,0,1,0,1,0,节假日,3001?5000元,非常不满意,0,1,0,0,0,0,向相关部门投诉,0,1,1,1,0,0,0,中立,校外,,,,,,,1,0,0,0,0,0,时间短暂来钱快上手快的兼职,准备进行,,,,,,,,,,,二到四个月,实习条件和薪资待遇,一线城市,密切密切,4,5,存在较少不公平现象,,,,,,,0,0,0,0,0,0,0,1,很有帮助,正式职业不会选择绝大多数做过的兼职,0,1,1,1,0,0,0,0,1,1,1,0,0,0,1,1,0,满足基本生活需要（满足日常基本的衣食住行和睡眠）
166,7qXd386M,2Md1dvA7,小*叽～,2022-2-16 13:03,2022-2-16 13:06,196,1,NriUJr,大学生兼职调查,111.179.184.140,115.24845,30.702847,湖北省,黄冈市,MOBILE,iOS,Apple WebKit,390px*844px,,女,湖北黄冈应急管理学院,大一,湖北省，黄冈市,是,,,,,,,,,,,,,,,,,,,,,2-3份,0,0,1,0,0,0,0,1,0,0,0,0,0,0,0,1,0,0,0,周末,1001?2000元,非常不满意,0,0,0,1,0,0,忍气吞声，自认倒霉,0,0,1,0,1,0,0,支持,校外,,,,,,,1,1,1,0,0,0,时间短暂来钱快上手快的兼职,暂时没有打算,,,,,,,,,,,,,,,4,4,公平,,,,,,,0,1,1,0,0,0,0,0,有一点帮助,正式职业不会选择绝大多数做过的兼职,0,0,0,0,0,1,0,0,0,1,1,1,0,0,1,0,1,满足自我实现需要（激发潜能，实现自己的价值）
167,Mr5ngqBe,0eyPgEvL,cdm****PptQd,2022-2-16 13:03,2022-2-16 13:06,173,1,NriUJr,大学生兼职调查,112.38.54.174,116.234543,36.350935,山东省,聊城市,MOBILE,Android,weixin,393px*851px,,男,山东女子学院,大三,山东省，聊城市,是,,,,,,,,,,,,,,,,,,,,,7-10份,1,0,1,1,0,1,0,1,1,0,0,1,0,0,1,1,0,1,0,寒暑假,2001-3000 元,非常不满意,0,0,0,1,0,0,其他,0,0,1,1,1,1,0,支持,校内,1,0,1,0,0,助教、科研、实验室助手等?,,,,,,,,准备进行,,,,,,,,,,,二到四个月,公司层次和品牌形象,一线城市,较多联系,6,6,存在较少不公平现象,,,,,,,0,1,1,1,0,0,0,0,很有帮助,正式职业不会选择绝大多数做过的兼职,1,1,1,0,0,0,0,1,0,1,0,0,0,1,0,0,1,满足自我实现需要（激发潜能，实现自己的价值）
