,作答ID,用户ID,用户名,开始时间,结束时间,作答时长(秒),作答渠道,发布ID,问卷发布名称,IP,经度,纬度,省份,城市,设备类型,操作系统类型,浏览器类型,屏幕分辨率,随机元素,请选择你的性别,学校以及学院,年级,选择你所在家乡城市,您大学期间是否进行过兼职（包括实习）（）？,您对兼职的态度：,据您观察，兼职的学生学业受影响的程度如何？,是否考虑过找一份兼职？,您认为寻找兼职的困难可能有-兼职信息太少??,您认为寻找兼职的困难可能有-中介机构收费太高,您认为寻找兼职的困难可能有-担心受骗,您认为寻找兼职的困难可能有-选项难以找到心仪的兼职岗位,您认为寻找兼职的困难可能有-其他,您倾向于哪些类型的兼职？-工资高的兼职,您倾向于哪些类型的兼职？-与专业贴近的兼职,您倾向于哪些类型的兼职？-锻炼个人能力的兼职,您倾向于哪些类型的兼职？-自由度高的兼职,您倾向于哪些类型的兼职？-其他,您倾向于何时兼职?,您预期的兼职月薪是？,您未选择去兼职的原因是？-以学业为重,您未选择去兼职的原因是？-没有时间精力,您未选择去兼职的原因是？-有明确的人生规划,您未选择去兼职的原因是？-认为兼职没有意义，得不到锻炼,您未选择去兼职的原因是？-不了解或不感兴趣,您从事过几份兼职？,您曾从事的兼职的类型是-家教,您曾从事的兼职的类型是-校内助教,您曾从事的兼职的类型是-服务行业（含：餐厅、书店等实体店工作）,您曾从事的兼职的类型是-推销代理,您曾从事的兼职的类型是-企业实习?,您曾从事的兼职的类型是-体力劳动,您曾从事的兼职的类型是-其他,您兼职的主要目的-赚取收入,您兼职的主要目的-锻炼能力,您兼职的主要目的-积累工作经验，为就业做准备,您兼职的主要目的-满足个人爱好（旅行、游戏、恋爱等,您兼职的主要目的-充实业余时间?????,您兼职的主要目的-其他,您获得兼职信息的途径：-线下海报或广告,您获得兼职信息的途径：-专门中介机构,您获得兼职信息的途径：-老师或同学介绍,您获得兼职信息的途径：-网络信息?,您获得兼职信息的途径：-主动向招聘方询问,您获得兼职信息的途径：-其他,您倾向于何时兼职?.1,您当时的兼职月薪是？,本题检测是否认真作答，你如何看待大学生就业形势,您有过哪些被骗经历-网络兼职陷阱（刷单、打字、APP试玩点赞等）,您有过哪些被骗经历-中介坑骗,您有过哪些被骗经历-虚假招聘信息,您有过哪些被骗经历-拖欠工资,您有过哪些被骗经历-其他方式被骗,您有过哪些被骗经历-无被骗经历,您受骗后采取的措施是什么,通过兼职您有哪些收获-专业水平,通过兼职您有哪些收获-常用技能,通过兼职您有哪些收获-沟通交流,通过兼职您有哪些收获-人情世故,通过兼职您有哪些收获-忍耐毅力,通过兼职您有哪些收获-职场经验,通过兼职您有哪些收获-其他,您的父母对于兼职的态度是什么样的？,校内与校外兼职，您倾向于哪个？,您在寻找校内兼职过程中遇到的困难有？-校内兼职机会少,您在寻找校内兼职过程中遇到的困难有？-校内兼职信息闭塞,您在寻找校内兼职过程中遇到的困难有？-校内兼职报酬低,您在寻找校内兼职过程中遇到的困难有？-没有心仪的兼职岗位,您在寻找校内兼职过程中遇到的困难有？-其他,校园内服务性兼职和科研或助教岗位您倾向于哪一个,11.3您在寻找校外兼职过程中遇到的困难有？-校外兼职机会少,11.3您在寻找校外兼职过程中遇到的困难有？-校外兼职信息闭塞,11.3您在寻找校外兼职过程中遇到的困难有？-校外兼职报酬低,11.3您在寻找校外兼职过程中遇到的困难有？-没有心仪的兼职岗位,11.3您在寻找校外兼职过程中遇到的困难有？-距离、时间等原因,11.3您在寻找校外兼职过程中遇到的困难有？-其他,校园外兼职岗位您倾向于哪一个,是否进行过或者准备进行企业实习？,您获取实习招聘信息的主要途径？（选1?3个）-学校推荐,您获取实习招聘信息的主要途径？（选1?3个）-自己找中介,您获取实习招聘信息的主要途径？（选1?3个）-学姐学长内推,您获取实习招聘信息的主要途径？（选1?3个）-教育机构内推,您获取实习招聘信息的主要途径？（选1?3个）-自己关注企业招聘信息,您获取实习招聘信息的主要途径？（选1?3个）-其他,您的实习时间是多久呢？,对于实习选择来讲，什么是您最看重的呢？,您实习的地点在？,您做实习工作与您的专业相关性是？,您认为您的实习的时间一般多久为宜呢？,对于实习来讲，什么是您相对看重的呢？？,您实习的地点更看重什么呢？,您希望您的实习工作与您的专业相关性是？,您觉得兼职对学业的影响程度是？,经历过兼职之后您对兼职的态度是？,您认为在您从事兼职的过程中受到的待遇是否公平？,您遇到过哪些不公平现象？-分配不均,您遇到过哪些不公平现象？-专业质疑,您遇到过哪些不公平现象？-抢功背锅,您遇到过哪些不公平现象？-加班压榨,您遇到过哪些不公平现象？-刁难排挤???,您遇到过哪些不公平现象？-其他,您遇到的兼职单位对大学生有些哪要求-性别要求,您遇到的兼职单位对大学生有些哪要求-专业要求,您遇到的兼职单位对大学生有些哪要求-技能要求?,您遇到的兼职单位对大学生有些哪要求-院校要求,您遇到的兼职单位对大学生有些哪要求-地区要求,您遇到的兼职单位对大学生有些哪要求-民族要求,您遇到的兼职单位对大学生有些哪要求-外貌要求,您遇到的兼职单位对大学生有些哪要求-其他要求,您认为兼职对以后的职业选择是否有帮助？,兼职后，对于以后职业选择的方向是,您认为您所在学校针对学生兼职问题 在以下哪些方面做的比较好？-提供很多兼职信息??,您认为您所在学校针对学生兼职问题 在以下哪些方面做的比较好？-设立了专门机构，规范校内外兼职招聘市场?,您认为您所在学校针对学生兼职问题 在以下哪些方面做的比较好？-帮助学生维护合法权益?,您认为您所在学校针对学生兼职问题 在以下哪些方面做的比较好？-提供许多校内的兼职岗位,您认为您所在学校针对学生兼职问题 在以下哪些方面做的比较好？-帮忙联系实习单位?,您认为您所在学校针对学生兼职问题 在以下哪些方面做的比较好？-不了解,您认为您所在学校针对学生兼职问题 在以下哪些方面做的比较好？-其他,在您看来，您的大学着重培养学生哪些方面的能力？-逻辑思维,在您看来，您的大学着重培养学生哪些方面的能力？-提升眼界,在您看来，您的大学着重培养学生哪些方面的能力？-专业知识,在您看来，您的大学着重培养学生哪些方面的能力？-专业技能应用,在您看来，您的大学着重培养学生哪些方面的能力？-德智体美劳全面发展,在您看来，您的大学着重培养学生哪些方面的能力？-其他,在您看来，招聘单位通常更青睐具备哪些特点的人才？-专业理论扎实,在您看来，招聘单位通常更青睐具备哪些特点的人才？-专业技能丰富,在您看来，招聘单位通常更青睐具备哪些特点的人才？-涉猎专业多元,在您看来，招聘单位通常更青睐具备哪些特点的人才？-较强的应变能力,您对未来工作的期望：
0,作答ID,用户ID,用户名,开始时间,结束时间,作答时长,作答渠道,发布ID,问卷发布名称,IP,经度,纬度,省份,城市,设备类型,操作系统类型,浏览器类型,屏幕分辨率,随机元素,Q1,Q2,Q3,Q4,Q5,Q6,Q7,Q8,Q9_1,Q9_2,Q9_3,Q9_4,Q9_5,Q10_1,Q10_2,Q10_3,Q10_4,Q10_5,Q11,Q12,Q13_1,Q13_2,Q13_3,Q13_4,Q13_5,Q14,Q15_1,Q15_2,Q15_3,Q15_4,Q15_5,Q15_6,Q15_7,Q16_1,Q16_2,Q16_3,Q16_4,Q16_5,Q16_6,Q17_1,Q17_2,Q17_3,Q17_4,Q17_5,Q17_6,Q18,Q19,Q20,Q22_1,Q22_2,Q22_3,Q22_4,Q22_5,Q22_6,Q23,Q24_1,Q24_2,Q24_3,Q24_4,Q24_5,Q24_6,Q24_7,Q25,Q26,Q27_1,Q27_2,Q27_3,Q27_4,Q27_5,Q28,Q29_1,Q29_2,Q29_3,Q29_4,Q29_5,Q29_6,Q30,Q31,Q32_1,Q32_2,Q32_3,Q32_4,Q32_5,Q32_6,Q33,Q34,Q35,Q36,Q37,Q38,Q39,Q40,Q41,Q42,Q43,Q44_1,Q44_2,Q44_3,Q44_4,Q44_5,Q44_6,Q45_1,Q45_2,Q45_3,Q45_4,Q45_5,Q45_6,Q45_7,Q45_8,Q46,Q47,Q48_1,Q48_2,Q48_3,Q48_4,Q48_5,Q48_6,Q48_7,Q49_1,Q49_2,Q49_3,Q49_4,Q49_5,Q49_6,Q51_1,Q51_2,Q51_3,Q51_4,Q52
1,M9X0AO4e,veEAKVve,cdm****xbfAi,2022-02-17 20:37:07,2022-02-17 20:40:05,178,1,NriUJr,大学生兼职调查,49.52.96.48,121.3850890,31.3205350,上海市,市辖区,MOBILE,Android,weixin,393px*873px,,女,上海大学医学院,研二,广东省，广州市,是,,,,,,,,,,,,,,,,,,,,,1份,0,1,0,0,0,0,0,1,0,0,0,0,0,0,0,1,0,0,0,工作日,501-1000元,非常不满意,0,0,0,0,0,1,,0,0,1,1,0,1,0,中立,校内,1,1,1,1,0,助教、科研、实验室助手等?,,,,,,,,准备进行,,,,,,,,,,,一个月,实习条件和薪资待遇,一线城市,密切密切,4,4,存在较少不公平现象,,,,,,,0,1,1,0,0,0,0,0,有一点帮助,正式职业不会选择绝大多数做过的兼职,0,0,1,1,0,0,0,1,1,1,0,0,0,1,1,1,0,满足安全需要（工作稳定，很少有焦虑）
2,e5yNAw8e,veEwbZW7,鳗*,2022-02-17 20:14:13,2022-02-17 20:18:51,278,1,NriUJr,大学生兼职调查,202.120.8.158,121.4395387,31.0318094,上海市,市辖区,MOBILE,iOS,weixin,390px*844px,,女,上海交通大学 生科,博士,河南省，周口市,是,,,,,,,,,,,,,,,,,,,,,4-7份,0,1,0,0,1,1,0,1,1,0,0,1,0,1,0,0,1,0,0,周末,501-1000元,非常不满意,0,0,0,0,0,1,,0,1,1,1,0,1,0,支持,校内,0,0,1,0,1,助教、科研、实验室助手等?,,,,,,,,进行过,0,0,0,1,1,0,一到二个月,实习条件和薪资待遇,一线城市,较少联系,,,,,4,6,公平,,,,,,,0,1,1,0,0,0,0,0,有一点帮助,正式职业不会选择绝大多数做过的兼职,1,1,0,1,0,0,0,1,1,1,0,0,0,1,1,0,1,满足自我实现需要（激发潜能，实现自己的价值）
3,e4BApO67,kMrmmEpe,摘**月光,2022-02-17 20:05:57,2022-02-17 20:08:47,170,1,NriUJr,大学生兼职调查,221.223.198.214,116.3362100,39.8892600,北京市,市辖区,COMPUTER,Windows,Chrome,1334px*889px,,女,华东政法大学 传播学院,研一,北京市，市辖区,是,,,,,,,,,,,,,,,,,,,,,2-3份,0,0,0,0,1,0,0,1,1,1,0,0,0,0,0,1,1,0,0,寒暑假,2001-3000 元,非常不满意,0,0,0,0,0,1,,1,0,1,0,0,1,0,支持,校外,,,,,,,0,1,1,0,1,0,实习、研发等与专业相关、有一定难度的兼职?,进行过,1,0,1,0,1,0,二到四个月,公司层次和品牌形象,一线城市,密切密切,,,,,5,5,存在较少不公平现象,,,,,,,0,1,1,1,0,0,0,0,很有帮助,正式职业希望继续从事兼职做过的职业,1,1,0,1,0,0,0,0,1,1,1,0,0,1,1,0,1,满足安全需要（工作稳定，很少有焦虑）
4,Lm9qEmzL,5M2AWPqe,R**tth,2022-02-17 16:19:54,2022-02-17 16:23:22,208,1,NriUJr,大学生兼职调查,159.226.35.199,116.2984500,39.9593300,北京市,市辖区,COMPUTER,Windows,weixin,1920px*1080px,,女,中国科学院大学物理科学学院,研二,山东省，济南市,是,,,,,,,,,,,,,,,,,,,,,2-3份,1,1,0,0,0,0,0,1,0,0,0,1,0,0,0,1,1,0,0,寒暑假,1001?2000元,非常不满意,0,0,0,0,0,1,,0,0,1,1,1,0,0,支持,校内,0,1,1,0,0,助教、科研、实验室助手等?,,,,,,,,暂时没有打算,,,,,,,,,,,,,,,4,5,存在较少不公平现象,,,,,,,1,1,1,1,0,0,0,0,有一点帮助,正式职业不会选择绝大多数做过的兼职,0,0,0,1,0,0,0,0,1,1,0,0,0,0,1,0,1,满足自我实现需要（激发潜能，实现自己的价值）
5,MZqy8qve,J7qldRqM,***,2022-02-17 16:13:22,2022-02-17 16:17:27,245,1,NriUJr,大学生兼职调查,183.228.176.150,108.4360080,30.7582580,重庆市,市辖区,COMPUTER,Windows,Chrome,1280px*720px,,女,四川外国语大学,大二,重庆市，市辖区,是,,,,,,,,,,,,,,,,,,,,,2-3份,0,0,1,0,0,0,1,1,0,0,1,0,0,0,1,0,1,0,0,周末,500元及以下,非常不满意,1,1,0,0,0,0,忍气吞声，自认倒霉,0,0,1,1,1,0,0,支持,校外,,,,,,,0,0,0,1,1,0,时间短暂来钱快上手快的兼职,暂时没有打算,,,,,,,,,,,,,,,4,5,存在较少不公平现象,,,,,,,1,1,1,0,1,0,1,0,有一点帮助,正式职业不会选择绝大多数做过的兼职,0,0,0,1,1,0,0,0,1,1,0,0,0,1,1,0,1,满足安全需要（工作稳定，很少有焦虑）
6,M9X01X4e,0eybdEPM,著名***定家,2022-02-17 16:13:51,2022-02-17 16:16:41,170,1,NriUJr,大学生兼职调查,1.89.126.62,116.0842530,39.9480330,北京市,市辖区,MOBILE,Android,weixin,360px*748px,,女,北京城市学院城建学部,大三,北京市，市辖区,是,,,,,,,,,,,,,,,,,,,,,1份,1,0,0,0,0,0,0,1,0,0,0,0,0,0,0,1,1,0,0,寒暑假,1001?2000元,非常不满意,0,0,0,0,0,1,,0,0,1,1,1,0,0,中立,校外,,,,,,,1,0,1,0,1,0,时间短暂来钱快上手快的兼职,暂时没有打算,,,,,,,,,,,,,,,3,3,存在较多不公平现象,0,0,0,0,1,0,1,0,1,0,0,0,0,0,有一点帮助,正式职业不会选择绝大多数做过的兼职,0,0,1,1,0,0,0,1,0,1,0,0,0,1,0,1,0,有归属感和社交（单位氛围暖心，与同事关系融洽）
7,7lO8q64M,WMRE6X5e,博*,2022-02-17 16:07:06,2022-02-17 16:09:42,156,1,NriUJr,大学生兼职调查,1.202.143.108,116.3456691,39.9649018,北京市,市辖区,MOBILE,iOS,weixin,390px*844px,,男,中央民族大学文学院,研二,浙江省，嘉兴市,是,,,,,,,,,,,,,,,,,,,,,2-3份,1,1,0,0,0,0,0,1,0,1,0,0,0,0,0,1,1,0,0,周末,1001?2000元,非常不满意,0,0,0,0,0,1,,1,0,1,1,1,0,0,支持,校内,1,1,1,0,0,助教、科研、实验室助手等?,,,,,,,,进行过,0,0,1,0,1,0,二到四个月,与专业的相关性,一线城市,密切密切,,,,,5,6,公平,,,,,,,0,1,1,1,1,0,0,0,有一点帮助,正式职业希望继续从事兼职做过的职业,1,1,1,0,0,0,0,1,0,1,1,0,0,1,0,0,1,满足基本生活需要（满足日常基本的衣食住行和睡眠）
8,eP2Okzy7,27awWqVe,cdm****NKgbt,2022-02-17 16:01:46,2022-02-17 16:05:04,198,1,NriUJr,大学生兼职调查,112.64.119.224,121.3723297,31.6741180,上海市,市辖区,MOBILE,iOS,weixin,414px*736px,,女,北京师范大学心理学部,大四,福建省，漳州市,是,,,,,,,,,,,,,,,,,,,,,2-3份,0,1,0,0,1,0,0,1,1,1,0,0,0,0,0,1,1,0,0,工作日,2001-3000 元,非常不满意,0,0,0,0,0,1,,0,1,1,0,0,1,0,支持,校外,,,,,,,0,1,1,0,1,0,实习、研发等与专业相关、有一定难度的兼职?,进行过,0,0,0,0,1,0,二到四个月,公司层次和品牌形象,一线城市,较少联系,,,,,4,7,公平,,,,,,,0,1,1,0,0,0,0,0,有一点帮助,正式职业不会选择少数做过的兼职,1,0,0,0,1,0,0,1,0,1,1,0,0,0,1,0,1,满足自我实现需要（激发潜能，实现自己的价值）
9,7KvOzJ6M,ve8gbjBL,z*c,2022-02-17 12:27:07,2022-02-17 12:35:54,527,1,NriUJr,大学生兼职调查,101.87.170.135,121.4782230,31.2283570,上海市,市辖区,COMPUTER,Windows,Chrome,1920px*1080px,,女,辽宁大学法学院,大四,辽宁省，铁岭市,是,,,,,,,,,,,,,,,,,,,,,1份,0,0,0,0,1,0,0,0,1,1,0,0,0,0,0,0,1,1,0,工作日,1001?2000元,非常不满意,0,0,0,0,0,1,,1,0,1,1,0,1,0,支持,校外,,,,,,,1,1,0,0,1,0,实习、研发等与专业相关、有一定难度的兼职?,进行过,1,0,1,0,1,0,四到六个月,与专业的相关性,学校所在城市,密切密切,,,,,7,7,存在较少不公平现象,,,,,,,0,1,1,1,0,0,0,0,很有帮助,正式职业希望继续从事兼职做过的职业,1,0,0,1,1,0,0,1,1,1,0,0,0,1,1,0,1,满足安全需要（工作稳定，很少有焦虑）
10,7qXd50pM,p7YNkwWL,cdm****TKZn6,2022-02-17 12:27:35,2022-02-17 12:31:58,263,1,NriUJr,大学生兼职调查,61.181.236.231,117.1821340,39.1064650,天津市,市辖区,MOBILE,Android,Chrome,360px*760px,,女,天津医科大学生物医学工程学院,博士,甘肃省，武威市,是,,,,,,,,,,,,,,,,,,,,,2-3份,1,0,1,0,0,0,0,1,0,0,0,0,0,0,0,1,0,1,0,周末,501-1000元,非常不满意,0,0,0,0,0,1,,0,0,0,0,0,0,1,支持,校内,1,1,1,1,0,助教、科研、实验室助手等?,,,,,,,,暂时没有打算,,,,,,,,,,,,,,,6,7,存在较少不公平现象,,,,,,,1,0,0,0,0,0,1,0,基本没有帮助,,1,1,0,1,0,0,0,0,0,1,1,1,0,1,0,0,1,满足自我实现需要（激发潜能，实现自己的价值）
11,LOyOz6xM,27aQpzN7,暗*璇玑,2022-02-17 12:17:23,2022-02-17 12:21:53,270,1,NriUJr,大学生兼职调查,117.185.148.230,121.4278320,31.1286660,上海市,市辖区,MOBILE,Android,Chrome,360px*800px,,女,上海应用技术大学 香料香精化妆品学院,大四,上海市，市辖区,是,,,,,,,,,,,,,,,,,,,,,4-7份,0,0,1,0,1,0,0,1,1,1,0,1,0,0,0,1,1,0,0,寒暑假,3001?5000元,非常不满意,0,0,0,0,0,1,,1,1,1,1,0,1,0,支持,校外,,,,,,,0,1,0,1,1,0,实习、研发等与专业相关、有一定难度的兼职?,准备进行,,,,,,,,,,,二到四个月,公司层次和品牌形象,一线城市,较多联系,5,6,公平,,,,,,,0,1,1,0,0,0,0,0,有一点帮助,正式职业希望继续从事兼职做过的职业,0,1,0,1,0,0,0,1,0,0,1,0,0,1,1,0,0,满足安全需要（工作稳定，很少有焦虑）
12,L0mDk5je,z7lR2NJe,认真***调研,2022-02-16 18:14:29,2022-02-16 18:18:30,241,1,NriUJr,大学生兼职调查,120.204.129.35,121.3498140,30.7141460,上海市,市辖区,MOBILE,iOS,Apple WebKit,414px*896px,,女,中国药科大学药学院,研二,安徽省，滁州市,是,,,,,,,,,,,,,,,,,,,,,2-3份,0,0,1,0,0,0,0,1,0,0,1,0,0,0,0,0,0,1,0,周末,1001?2000元,非常不满意,0,0,0,0,0,1,,0,0,1,1,0,0,0,支持,校外,,,,,,,1,0,1,1,1,0,时间短暂来钱快上手快的兼职,准备进行,,,,,,,,,,,一到二个月,公司层次和品牌形象,家乡城市,密切密切,4,5,公平,,,,,,,0,1,0,0,0,1,1,0,很有帮助,正式职业不会选择绝大多数做过的兼职,1,0,0,0,1,0,0,1,0,1,1,0,0,1,1,0,1,满足自我实现需要（激发潜能，实现自己的价值）
13,eyPba6GL,5M2Bzv8M,cdm****Al2Hc,2022-02-16 17:15:48,2022-02-16 17:20:39,291,1,NriUJr,大学生兼职调查,117.135.86.61,121.4276210,31.4072610,上海市,市辖区,MOBILE,Android,weixin,360px*800px,,女,上海师范大学影视传媒学院,大二,上海市，市辖区,是,,,,,,,,,,,,,,,,,,,,,1份,0,0,0,0,1,0,0,1,0,1,0,0,0,0,1,0,1,0,0,寒暑假,1001?2000元,非常不满意,0,0,1,0,1,0,忍气吞声，自认倒霉,0,0,1,1,0,0,0,中立,校内,1,0,1,1,0,助教、科研、实验室助手等?,,,,,,,,准备进行,,,,,,,,,,,一到二个月,与专业的相关性,家乡城市,较多联系,5,3,公平,,,,,,,0,1,1,0,0,0,0,1,有一点帮助,正式职业不会选择少数做过的兼职,0,1,0,0,0,0,0,0,1,0,1,0,0,0,1,1,1,有归属感和社交（单位氛围暖心，与同事关系融洽）
14,LOyO1oXM,xLVjRXlL,Y*31,2022-02-16 17:04:41,2022-02-16 17:10:48,367,1,NriUJr,大学生兼职调查,223.104.38.145,116.3248610,40.0073960,北京市,市辖区,MOBILE,Android,Chrome,393px*851px,,女,清华大学 工业工程系,大四,山东省，淄博市,是,,,,,,,,,,,,,,,,,,,,,4-7份,0,1,0,0,1,0,1,1,1,1,0,1,0,0,0,1,0,0,1,寒暑假,1001?2000元,非常不满意,0,0,0,0,0,1,,0,1,1,1,0,1,0,支持,校内,0,1,0,0,0,校内服务型兼职（餐厅兼职、校园推广等）,,,,,,,,进行过,1,0,0,0,0,0,一到二个月,公司层次和品牌形象,一线城市,密切密切,,,,,6,6,公平,,,,,,,0,1,1,1,0,0,0,0,很有帮助,正式职业希望继续从事兼职做过的职业,0,1,1,1,0,0,0,0,1,0,1,1,0,1,0,0,1,满足自我实现需要（激发潜能，实现自己的价值）
15,e8YAdNWM,AM90bnRe,h*lo,2022-02-16 16:55:46,2022-02-16 17:10:31,885,1,NriUJr,大学生兼职调查,125.81.178.184,107.8103050,29.3270500,重庆市,市辖区,MOBILE,Android,weixin,381px*824px,,女,长江师范学院传媒学院,大二,重庆市，市辖区,是,,,,,,,,,,,,,,,,,,,,,2-3份,0,0,1,1,0,0,0,1,1,0,0,1,0,0,1,0,1,1,1,寒暑假,2001-3000 元,非常不满意,1,1,0,1,0,0,寻求家长、老师帮助,0,0,1,1,1,1,0,支持,校外,,,,,,,0,0,1,1,1,0,时间短暂来钱快上手快的兼职,准备进行,,,,,,,,,,,二到四个月,实习条件和薪资待遇,家乡城市,较少联系,5,7,存在较少不公平现象,,,,,,,0,0,1,0,1,0,0,1,有一点帮助,正式职业不会选择绝大多数做过的兼职,0,0,0,1,1,0,1,0,0,1,1,0,0,0,1,0,1,满足自我实现需要（激发潜能，实现自己的价值）
16,en9gg3WL,G7XkQv8M,cdm****Y7bub,2022-02-16 16:37:33,2022-02-16 16:41:39,246,1,NriUJr,大学生兼职调查,111.199.81.103,116.5139840,39.9110510,北京市,市辖区,MOBILE,Android,weixin,360px*792px,,女,首都师范大学政法学院,研一,河南省，周口市,是,,,,,,,,,,,,,,,,,,,,,1份,0,1,0,0,0,0,0,1,1,0,0,0,0,0,0,1,1,0,0,寒暑假,501-1000元,非常不满意,0,0,0,0,0,1,,1,0,1,0,0,0,0,支持,校内,0,0,0,1,0,助教、科研、实验室助手等?,,,,,,,,暂时没有打算,,,,,,,,,,,,,,,3,3,存在较少不公平现象,,,,,,,1,1,0,1,0,0,0,0,有一点帮助,正式职业之外可以继续保持该兼职,1,0,1,1,0,0,0,1,1,1,0,0,0,1,1,0,1,满足自我实现需要（激发潜能，实现自己的价值）
17,M28AAzqL,QL0KZgN7,cdm****sdBjw,2022-02-16 16:26:23,2022-02-16 16:31:13,290,1,NriUJr,大学生兼职调查,117.136.8.131,121.4806590,31.2536710,上海市,市辖区,MOBILE,Android,weixin,393px*824px,,女,华东理工大学商学院,大三,上海市，市辖区,是,,,,,,,,,,,,,,,,,,,,,1份,0,0,0,0,1,0,0,1,1,1,0,0,0,0,0,0,1,0,0,工作日,2001-3000 元,非常不满意,0,0,0,0,0,1,,1,0,1,1,0,1,0,支持,校外,,,,,,,0,0,0,0,1,0,实习、研发等与专业相关、有一定难度的兼职?,进行过,1,1,1,0,0,0,一到二个月,公司层次和品牌形象,一线城市,密切密切,,,,,5,6,公平,,,,,,,0,1,1,0,0,0,0,0,很有帮助,正式职业希望继续从事兼职做过的职业,1,0,0,0,0,0,0,1,0,1,1,0,0,1,1,0,1,有归属感和社交（单位氛围暖心，与同事关系融洽）
18,MDPxx23M,leNQZ8JL,等*,2022-02-16 16:16:26,2022-02-16 16:28:30,724,1,NriUJr,大学生兼职调查,218.1.18.210,121.4106900,31.4326770,上海市,市辖区,MOBILE,Android,Chrome,360px*780px,,男,上海工程技术大学航空运输学院,大四,安徽省，淮南市,是,,,,,,,,,,,,,,,,,,,,,10份以上,1,1,1,0,1,1,0,1,1,1,1,1,0,1,1,1,1,1,0,周末,501-1000元,非常不满意,0,0,1,1,0,0,寻求家长、老师帮助,1,1,1,1,1,1,0,支持,校内,1,0,1,1,0,助教、科研、实验室助手等?,,,,,,,,进行过,0,0,0,0,1,0,一到二个月,与专业的相关性,一线城市,较多联系,,,,,5,6,存在较少不公平现象,,,,,,,0,1,1,1,0,1,0,0,很有帮助,正式职业希望继续从事兼职做过的职业,0,0,1,1,0,0,0,1,0,0,1,1,0,0,1,0,1,满足自我实现需要（激发潜能，实现自己的价值）
19,e5yNNJKe,5M2Avyle,cdm****ypPIu,2022-02-16 16:13:46,2022-02-16 16:15:48,122,1,NriUJr,大学生兼职调查,10.92.46.255,117.1517830,39.1423080,天津市,市辖区,COMPUTER,Mac OS X,Safari,1440px*900px,,女,天津师范大学 外国语,大二,天津市，市辖区,否,无所谓,3,有过,0,1,1,0,0,1,1,0,0,0,寒暑假,2001-3000 元,,,,,,,,,,,,,,,,,,,,,,,,,,,,非常不满意,,,,,,,,,,,,,,,,,,,,,,,,,,,,,,,,,,,,,,,,,,,,,,,,,,,,,,,,,,,,,,,,0,1,0,1,0,0,0,1,1,1,0,0,0,1,1,0,1,满足基本生活需要（满足日常基本的衣食住行和睡眠）
20,ekqyyDQ7,DMxzW0rL,cdm****f5qFf,2022-02-16 15:59:51,2022-02-16 16:02:50,179,1,NriUJr,大学生兼职调查,103.216.42.202,116.3056890,39.9847120,北京市,市辖区,MOBILE,Android,Chrome,360px*748px,,女,中国政法大学,大四,山西省，忻州市,是,,,,,,,,,,,,,,,,,,,,,2-3份,0,1,0,0,0,0,0,1,1,0,0,0,0,0,0,1,1,0,0,节假日,501-1000元,非常不满意,1,0,1,0,0,0,忍气吞声，自认倒霉,0,0,0,1,0,1,0,支持,校内,0,1,1,0,0,助教、科研、实验室助手等?,,,,,,,,准备进行,,,,,,,,,,,二到四个月,实习条件和薪资待遇,学校所在城市,较多联系,4,5,存在较少不公平现象,,,,,,,0,1,1,1,1,0,0,0,有一点帮助,正式职业不会选择少数做过的兼职,0,0,0,1,1,0,0,0,0,1,1,0,0,1,1,0,1,满足基本生活需要（满足日常基本的衣食住行和睡眠）
21,Mo122OOL,veEAnbAe,打*.,2022-02-16 15:46:25,2022-02-16 15:50:45,260,1,NriUJr,大学生兼职调查,58.39.3.50,121.2746950,31.0784210,上海市,市辖区,MOBILE,iOS,Apple WebKit,390px*844px,,女,中国民航大学 安全科学与工程学院,大一,上海市，市辖区,是,,,,,,,,,,,,,,,,,,,,,1份,0,0,1,0,0,0,0,1,0,0,0,1,0,0,0,0,0,0,1,寒暑假,2001-3000 元,非常不满意,0,0,0,0,0,1,,0,0,1,1,1,0,0,支持,校外,,,,,,,0,0,1,0,1,0,时间短暂来钱快上手快的兼职,暂时没有打算,,,,,,,,,,,,,,,5,6,存在较少不公平现象,,,,,,,0,0,0,0,0,0,0,1,有一点帮助,正式职业之外可以继续保持该兼职,0,0,0,1,0,0,0,0,0,1,1,1,0,0,1,1,1,满足基本生活需要（满足日常基本的衣食住行和睡眠）
22,eyPbkAVL,xLVNPxkL,C*D,2022-02-16 15:44:42,2022-02-16 15:48:38,236,1,NriUJr,大学生兼职调查,223.166.161.60,121.5027100,31.3067900,上海市,市辖区,COMPUTER,Windows,Chrome,1280px*800px,,男,上海财经大学公共经济与管理学院,博士,山东省，临沂市,是,,,,,,,,,,,,,,,,,,,,,1份,0,1,0,0,0,0,0,1,0,0,0,1,0,0,0,1,0,0,0,寒暑假,501-1000元,非常不满意,1,0,0,0,0,0,忍气吞声，自认倒霉,1,1,0,0,0,1,0,支持,校内,1,0,1,0,0,助教、科研、实验室助手等?,,,,,,,,暂时没有打算,,,,,,,,,,,,,,,4,5,存在较少不公平现象,,,,,,,1,1,1,0,0,0,0,0,有一点帮助,正式职业不会选择绝大多数做过的兼职,0,1,0,1,0,0,0,1,1,0,1,0,0,0,1,1,1,满足安全需要（工作稳定，很少有焦虑）
23,LOyO2X1M,AM9ydyvM,?,2022-02-16 15:44:54,2022-02-16 15:47:01,127,1,NriUJr,大学生兼职调查,183.192.43.167,121.4702590,31.2044850,上海市,市辖区,TABLET,iOS,Apple WebKit,375px*667px,,女,上海外国语大学,大二,上海市，市辖区,是,,,,,,,,,,,,,,,,,,,,,2-3份,0,0,1,0,0,0,0,1,1,1,0,0,0,1,0,1,1,1,0,周末,2001-3000 元,非常不满意,1,0,0,0,0,0,忍气吞声，自认倒霉,1,1,1,0,1,1,0,支持,校外,,,,,,,1,0,1,0,1,0,时间短暂来钱快上手快的兼职,准备进行,,,,,,,,,,,大于六个月,实习条件和薪资待遇,一线城市,无所谓,5,5,公平,,,,,,,0,1,0,1,0,1,0,0,很有帮助,正式职业不会选择绝大多数做过的兼职,0,1,1,0,1,0,0,0,0,1,1,1,0,1,1,1,0,满足安全需要（工作稳定，很少有焦虑）
24,MWWw0drM,KLOnvWN7,cdm****xWDLL,2022-02-16 15:42:11,2022-02-16 15:45:03,172,1,NriUJr,大学生兼职调查,111.30.222.98,117.3726600,39.6387320,天津市,市辖区,MOBILE,Android,weixin,360px*780px,,女,天津师范大学物理学院,大三,天津市，市辖区,是,,,,,,,,,,,,,,,,,,,,,2-3份,1,0,0,0,0,0,0,1,1,0,0,0,0,0,0,1,0,0,0,寒暑假,2001-3000 元,非常不满意,0,0,0,0,0,1,,0,0,1,1,0,1,0,支持,校外,,,,,,,0,1,0,1,1,0,时间短暂来钱快上手快的兼职,暂时没有打算,,,,,,,,,,,,,,,5,6,存在较少不公平现象,,,,,,,0,0,1,1,0,0,0,0,有一点帮助,正式职业希望继续从事兼职做过的职业,0,0,0,0,0,1,0,0,0,0,0,1,0,0,0,0,1,满足基本生活需要（满足日常基本的衣食住行和睡眠）
25,epD4aNwe,kM1AxrEM,cdm****fevSo,2022-02-16 15:22:14,2022-02-16 15:25:41,207,1,NriUJr,大学生兼职调查,221.197.154.44,116.9610741,38.9272489,天津市,市辖区,MOBILE,iOS,weixin,414px*896px,,女,南开大学外语学院,大三,天津市，市辖区,是,,,,,,,,,,,,,,,,,,,,,1份,1,0,0,0,0,0,0,1,0,0,0,0,0,0,0,1,1,0,0,寒暑假,1001?2000元,非常不满意,0,0,0,0,0,1,,0,0,1,0,1,0,1,支持,校内,1,1,1,1,0,助教、科研、实验室助手等?,,,,,,,,暂时没有打算,,,,,,,,,,,,,,,4,5,无所谓,,,,,,,0,1,1,1,1,0,0,0,有一点帮助,正式职业不会选择少数做过的兼职,0,0,0,0,0,1,0,0,1,1,1,0,0,0,1,1,1,有归属感和社交（单位氛围暖心，与同事关系融洽）
26,7AxOKayM,yevAEaXL,ku***an,2022-02-16 15:13:59,2022-02-16 15:19:20,321,1,NriUJr,大学生兼职调查,180.129.193.236,100.2279800,25.5841100,云南省,大理白族自治州,COMPUTER,Windows,Microsoft Edge,1366px*768px,,女,云南大学历史与档案学院,研二,云南省，大理白族自治州,是,,,,,,,,,,,,,,,,,,,,,4-7份,0,0,0,0,1,1,0,1,1,1,0,0,0,0,0,1,0,0,0,寒暑假,501-1000元,非常不满意,1,1,0,0,0,0,忍气吞声，自认倒霉,0,0,0,1,1,1,0,支持,校外,,,,,,,0,1,1,1,1,0,实习、研发等与专业相关、有一定难度的兼职?,准备进行,,,,,,,,,,,一到二个月,实习条件和薪资待遇,学校所在城市,较多联系,5,6,存在较少不公平现象,,,,,,,0,1,1,1,1,0,0,0,很有帮助,正式职业希望继续从事兼职做过的职业,0,0,0,0,1,0,0,1,0,1,1,0,0,1,1,0,1,满足基本生活需要（满足日常基本的衣食住行和睡眠）
27,7lO8R9xM,JekyKKj7,cdm****KhYS2,2022-02-16 15:13:39,2022-02-16 15:18:49,310,1,NriUJr,大学生兼职调查,117.143.24.14,121.2661830,31.1692450,上海市,市辖区,MOBILE,Android,weixin,360px*800px,,女,山东大学经济学院,大四,上海市，市辖区,是,,,,,,,,,,,,,,,,,,,,,4-7份,1,1,1,0,1,0,0,1,1,1,0,0,0,1,0,1,0,1,0,周末,2001-3000 元,非常不满意,0,0,0,0,0,1,,1,0,1,1,0,0,0,支持,校内,0,1,1,0,0,助教、科研、实验室助手等?,,,,,,,,进行过,1,1,0,0,1,0,一到二个月,与专业的相关性,一线城市,较多联系,,,,,6,7,公平,,,,,,,0,0,1,1,0,0,1,0,很有帮助,正式职业不会选择少数做过的兼职,1,1,0,0,1,0,0,1,0,1,1,0,0,0,1,0,0,有归属感和社交（单位氛围暖心，与同事关系融洽）
28,eyPbkdnL,KLOOOX3L,K*d,2022-02-16 15:10:13,2022-02-16 15:15:16,303,1,NriUJr,大学生兼职调查,61.148.244.81,116.4743580,39.9492320,北京市,市辖区,MOBILE,iOS,Apple WebKit,414px*896px,,男,铁岭师范高等专科学校,大二,河南省，信阳市,是,,,,,,,,,,,,,,,,,,,,,4-7份,1,0,1,0,1,0,1,1,1,1,1,0,0,0,1,1,1,1,0,寒暑假,5000元以上,非常不满意,0,1,1,0,0,0,忍气吞声，自认倒霉,1,1,1,1,1,1,0,中立,校外,,,,,,,1,0,0,1,1,0,时间短暂来钱快上手快的兼职,准备进行,,,,,,,,,,,一个月,公司层次和品牌形象,一线城市,较多联系,5,4,存在较少不公平现象,,,,,,,1,1,1,0,0,1,1,0,基本没有帮助,,0,0,0,0,1,0,1,1,0,1,1,0,0,1,1,0,1,有归属感和社交（单位氛围暖心，与同事关系融洽）
29,MDPx1XQM,9LQm2kGL,cdm****Cx7Bp,2022-02-16 15:02:41,2022-02-16 15:08:25,344,1,NriUJr,大学生兼职调查,223.104.22.194,121.8603930,30.7721160,,,COMPUTER,Windows,Chrome,393px*873px,,男,广西大学工商管理学院,大三,广西壮族自治区，桂林市,是,,,,,,,,,,,,,,,,,,,,,2-3份,1,0,1,1,0,0,0,1,1,0,0,0,0,0,0,1,1,0,0,周末,501-1000元,非常不满意,0,0,1,1,0,0,忍气吞声，自认倒霉,0,0,1,1,0,0,0,中立,校内,1,0,0,0,0,助教、科研、实验室助手等?,,,,,,,,准备进行,,,,,,,,,,,四到六个月,与专业的相关性,学校所在城市,密切密切,4,5,存在较多不公平现象,1,0,0,0,1,0,1,0,0,0,0,0,1,0,有一点帮助,正式职业不会选择绝大多数做过的兼职,0,1,0,0,1,0,0,0,1,1,0,0,0,0,1,0,1,有归属感和社交（单位氛围暖心，与同事关系融洽）
30,Lm9qxxdL,9LQP3lQ7,cdm****ugc2P,2022-02-16 14:49:50,2022-02-16 14:56:57,427,1,NriUJr,大学生兼职调查,36.112.204.208,116.5304190,39.9043350,北京市,市辖区,MOBILE,Android,weixin,360px*800px,,女,中国传媒大学外国语言文化学院,大三,广东省，佛山市,是,,,,,,,,,,,,,,,,,,,,,4-7份,1,0,0,0,1,0,0,1,1,1,0,1,0,0,0,1,1,0,0,寒暑假,2001-3000 元,非常不满意,1,0,0,0,0,0,寻求家长、老师帮助,0,0,1,1,0,1,0,支持,校外,,,,,,,0,0,1,1,1,0,实习、研发等与专业相关、有一定难度的兼职?,进行过,1,0,1,0,1,0,一到二个月,实习条件和薪资待遇,一线城市,较少联系,,,,,4,5,存在较少不公平现象,,,,,,,0,1,1,0,0,0,0,0,有一点帮助,正式职业不会选择绝大多数做过的兼职,1,0,1,0,1,0,0,0,1,1,1,0,0,0,1,0,1,满足自我实现需要（激发潜能，实现自己的价值）
31,M1KA5PWL,qM6PWw8L,cdm****aHcy8,2022-02-16 14:46:19,2022-02-16 14:51:40,321,1,NriUJr,大学生兼职调查,39.144.218.25,106.4423530,29.6061210,重庆市,市辖区,MOBILE,Android,weixin,360px*800px,,女,重庆文理学院，教育学院,大四,贵州省，遵义市,是,,,,,,,,,,,,,,,,,,,,,1份,0,0,0,0,1,0,0,0,1,1,0,1,0,0,0,1,0,0,0,寒暑假,501-1000元,非常不满意,1,0,0,0,0,0,其他,0,1,1,0,0,1,0,支持,校外,,,,,,,1,1,1,0,1,0,时间短暂来钱快上手快的兼职,进行过,1,0,0,0,1,0,一到二个月,与专业的相关性,学校所在城市,较多联系,,,,,4,4,存在较多不公平现象,1,0,0,0,0,1,0,1,1,0,0,0,0,0,有一点帮助,正式职业不会选择少数做过的兼职,1,0,0,0,1,0,0,1,0,1,1,0,0,0,1,1,1,有归属感和社交（单位氛围暖心，与同事关系融洽）
32,M6BPG3PM,G7XJJ6de,(?***`),2022-02-16 14:46:20,2022-02-16 14:51:13,293,1,NriUJr,大学生兼职调查,120.244.10.35,116.3727450,39.8136960,北京市,市辖区,MOBILE,Android,weixin,400px*825px,,女,中央财经,大四,北京市，市辖区,是,,,,,,,,,,,,,,,,,,,,,2-3份,0,0,0,0,1,0,0,1,1,1,0,1,0,0,0,0,1,0,0,寒暑假,3001?5000元,非常不满意,0,0,0,0,0,1,,0,1,0,1,0,1,0,中立,校外,,,,,,,0,1,1,1,1,0,实习、研发等与专业相关、有一定难度的兼职?,进行过,0,0,0,0,1,1,二到四个月,与专业的相关性,一线城市,密切密切,,,,,4,5,存在较少不公平现象,,,,,,,0,1,1,0,1,0,0,1,有一点帮助,正式职业希望继续从事兼职做过的职业,1,0,0,1,0,0,0,1,0,1,0,1,0,0,1,0,1,有归属感和社交（单位氛围暖心，与同事关系融洽）
33,eP2O4or7,0eybznQM,李*帆,2022-02-16 14:41:09,2022-02-16 14:44:31,202,1,NriUJr,大学生兼职调查,202.120.8.220,121.4377890,31.0258240,上海市,市辖区,MOBILE,iOS,weixin,414px*736px,,女,上海交通大学 电子信息与电气工程学院,大四,湖北省，省直辖县级行政区划,是,,,,,,,,,,,,,,,,,,,,,2-3份,0,1,0,0,0,0,1,1,0,0,0,0,1,0,0,1,0,0,0,寒暑假,501-1000元,非常不满意,0,0,0,0,0,1,,0,0,1,1,0,0,0,中立,校内,0,1,1,1,0,助教、科研、实验室助手等?,,,,,,,,准备进行,,,,,,,,,,,二到四个月,与专业的相关性,一线城市,较多联系,4,5,无所谓,,,,,,,1,0,1,0,0,0,0,0,基本没有帮助,,0,1,0,1,0,0,0,1,0,1,0,1,0,1,1,0,1,满足自我实现需要（激发潜能，实现自己的价值）
34,MDPx13qM,z7l8b2p7,W**ker,2022-02-16 14:24:26,2022-02-16 14:27:38,192,1,NriUJr,大学生兼职调查,124.127.24.168,116.3474480,40.0375360,北京市,市辖区,MOBILE,Android,Chrome,412px*915px,,男,北京信息科技大学计算机学院,大二,贵州省，黔南布依族苗族自治州,是,,,,,,,,,,,,,,,,,,,,,2-3份,0,0,1,0,0,1,0,1,0,0,0,1,0,0,0,0,1,0,0,寒暑假,2001-3000 元,非常不满意,1,1,1,0,0,0,向相关部门投诉,0,0,1,1,1,0,0,支持,校内,1,0,1,0,0,校内服务型兼职（餐厅兼职、校园推广等）,,,,,,,,暂时没有打算,,,,,,,,,,,,,,,5,5,存在较多不公平现象,0,0,0,1,0,0,1,1,1,0,0,0,1,0,有一点帮助,正式职业不会选择绝大多数做过的兼职,0,0,0,1,0,0,0,1,1,1,0,0,0,0,1,1,1,满足自我实现需要（激发潜能，实现自己的价值）
35,eEKADyJ7,z7lVlpJe,cdm****cklJv,2022-02-16 14:06:24,2022-02-16 14:11:53,329,1,NriUJr,大学生兼职调查,39.144.39.248,121.4129750,31.2101950,上海市,市辖区,MOBILE,Android,Chrome,360px*780px,,女,浙江大学生物系统工程与食品科学学院,大三,浙江省，温州市,是,,,,,,,,,,,,,,,,,,,,,1份,0,0,0,1,0,0,0,1,1,0,0,1,1,0,0,0,1,1,0,寒暑假,3001?5000元,非常不满意,1,0,0,0,0,0,忍气吞声，自认倒霉,0,1,1,0,1,0,0,反对,校外,,,,,,,1,1,0,1,1,0,实习、研发等与专业相关、有一定难度的兼职?,准备进行,,,,,,,,,,,一到二个月,实习条件和薪资待遇,学校所在城市,较多联系,5,6,公平,,,,,,,1,1,1,1,1,0,0,0,有一点帮助,正式职业不会选择少数做过的兼职,1,1,0,1,0,0,0,1,1,0,0,1,0,0,1,0,1,满足自我实现需要（激发潜能，实现自己的价值）
36,ev9lJ6NL,8MZbvEjM,**哥哥,2022-02-16 14:02:27,2022-02-16 14:07:43,316,1,NriUJr,大学生兼职调查,125.85.242.39,105.7770450,29.4985130,重庆市,市辖区,MOBILE,Android,weixin,360px*780px,,男,重庆理工大学管理学院,大三,重庆市，市辖区,是,,,,,,,,,,,,,,,,,,,,,2-3份,0,0,1,1,0,1,0,1,1,0,0,1,0,1,0,0,1,1,0,寒暑假,2001-3000 元,非常不满意,0,0,0,0,0,1,,0,0,1,0,1,0,0,支持,校内,0,0,1,1,0,校内服务型兼职（餐厅兼职、校园推广等）,,,,,,,,准备进行,,,,,,,,,,,二到四个月,与专业的相关性,一线城市,较多联系,6,6,存在较少不公平现象,,,,,,,1,1,1,0,0,0,1,0,很有帮助,正式职业不会选择少数做过的兼职,1,1,1,1,0,0,0,1,0,0,1,1,0,1,1,0,1,有归属感和社交（单位氛围暖心，与同事关系融洽）
37,7qXdG1pM,kMrnpJnM,cdm****FcKKj,2022-02-16 13:54:12,2022-02-16 13:58:55,283,1,NriUJr,大学生兼职调查,39.144.44.125,121.5234936,31.2088838,上海市,市辖区,MOBILE,iOS,weixin,414px*896px,,女,华东政法大学,大三,上海市，市辖区,是,,,,,,,,,,,,,,,,,,,,,2-3份,0,0,0,0,1,0,1,1,1,1,0,1,0,0,0,1,1,0,1,寒暑假,501-1000元,非常不满意,0,0,0,0,0,1,,1,1,1,1,0,0,0,支持,校外,,,,,,,0,0,1,0,1,0,实习、研发等与专业相关、有一定难度的兼职?,进行过,1,0,1,0,0,1,一到二个月,与专业的相关性,一线城市,密切密切,,,,,5,7,存在较多不公平现象,1,0,0,1,0,0,0,1,1,1,1,0,0,0,有一点帮助,正式职业不会选择绝大多数做过的兼职,0,0,0,1,1,0,0,0,0,1,1,0,0,0,1,1,1,满足自我实现需要（激发潜能，实现自己的价值）
38,7j9QJxXM,KLONzg47,cdm****nvTYv,2022-02-16 13:26:51,2022-02-16 13:58:05,1874,1,NriUJr,大学生兼职调查,116.228.183.19,121.6229800,31.1272700,上海市,市辖区,COMPUTER,Windows,Chrome,1280px*720px,,男,上海理工大学，信网学院,大三,安徽省，合肥市,是,,,,,,,,,,,,,,,,,,,,,2-3份,0,0,1,1,1,0,0,1,1,1,0,0,0,0,0,0,1,1,0,周末,1001?2000元,非常不满意,1,0,1,0,0,0,寻求家长、老师帮助,1,0,1,1,1,1,0,支持,校外,,,,,,,0,0,1,0,1,0,实习、研发等与专业相关、有一定难度的兼职?,进行过,1,0,0,0,1,0,二到四个月,实习条件和薪资待遇,一线城市,较多联系,,,,,5,7,存在较少不公平现象,,,,,,,0,1,1,0,1,0,0,0,有一点帮助,正式职业希望继续从事兼职做过的职业,1,1,0,1,0,0,0,1,0,1,1,0,0,1,1,0,1,有归属感和社交（单位氛围暖心，与同事关系融洽）
39,7aQnpNp7,pLzlbz8M,桂**的辣子,2022-02-16 13:49:06,2022-02-16 13:57:02,476,1,NriUJr,大学生兼职调查,119.84.239.192,105.9050050,29.3413170,重庆市,市辖区,MOBILE,Android,weixin,353px*720px,,女,西北师范大学文学院,大二,重庆市，市辖区,是,,,,,,,,,,,,,,,,,,,,,2-3份,1,0,1,0,0,0,0,1,0,1,0,0,0,0,0,1,1,0,0,寒暑假,1001?2000元,非常不满意,0,0,0,0,0,1,,1,0,1,0,1,0,0,支持,校内,1,1,0,0,0,校内服务型兼职（餐厅兼职、校园推广等）,,,,,,,,暂时没有打算,,,,,,,,,,,,,,,5,5,存在较少不公平现象,,,,,,,0,1,1,1,0,0,0,0,有一点帮助,正式职业之外可以继续保持该兼职,1,1,0,1,0,0,0,0,0,1,1,0,0,0,1,1,1,有归属感和社交（单位氛围暖心，与同事关系融洽）
40,MdP1AONM,G7XJBb8e,x**ng,2022-02-16 13:50:30,2022-02-16 13:54:59,269,1,NriUJr,大学生兼职调查,43.254.105.235,121.6674400,31.2375000,上海市,市辖区,COMPUTER,Windows,Chrome,1536px*864px,,女,上海交通大学   设计学院,研二,上海市，市辖区,是,,,,,,,,,,,,,,,,,,,,,4-7份,0,0,0,0,1,0,0,1,0,1,0,0,0,0,0,1,1,0,0,寒暑假,3001?5000元,非常不满意,0,0,1,0,1,0,忍气吞声，自认倒霉,1,1,0,0,1,1,0,支持,校外,,,,,,,0,1,0,0,1,0,实习、研发等与专业相关、有一定难度的兼职?,进行过,0,0,0,0,1,0,大于六个月,公司层次和品牌形象,一线城市,密切密切,,,,,5,6,存在较少不公平现象,,,,,,,0,1,1,1,0,0,0,0,很有帮助,正式职业之外可以继续保持该兼职,0,0,0,1,0,0,0,0,1,1,0,0,0,1,1,0,1,满足自我实现需要（激发潜能，实现自己的价值）
41,7qXdGkgM,aMgkypQM,cdm****66EvO,2022-02-16 13:45:41,2022-02-16 13:49:41,240,1,NriUJr,大学生兼职调查,111.33.220.170,117.2583354,39.1013618,天津市,市辖区,MOBILE,iOS,weixin,414px*736px,,女,天津师范大学历史文化学院,博士,河南省，鹤壁市,是,,,,,,,,,,,,,,,,,,,,,2-3份,1,0,1,0,0,0,0,1,1,0,0,1,0,0,1,0,1,0,0,周末,1001?2000元,非常不满意,0,1,0,1,0,0,忍气吞声，自认倒霉,0,1,0,1,1,0,0,中立,校外,,,,,,,0,0,1,0,1,0,实习、研发等与专业相关、有一定难度的兼职?,进行过,0,1,1,1,0,0,大于六个月,实习条件和薪资待遇,一线城市,较多联系,,,,,5,5,存在较少不公平现象,,,,,,,1,1,0,1,0,0,0,0,有一点帮助,正式职业不会选择绝大多数做过的兼职,0,0,1,1,1,0,0,1,1,1,0,0,0,1,1,1,0,满足自我实现需要（激发潜能，实现自己的价值）
42,LVJraApL,kM1Ay6yM,**,2022-02-16 13:41:15,2022-02-16 13:47:38,383,1,NriUJr,大学生兼职调查,119.86.205.53,109.0135290,30.8502970,重庆市,县,MOBILE,Android,Chrome,360px*800px,,女,重庆安全技术学院,大一,重庆市，县,是,,,,,,,,,,,,,,,,,,,,,1份,0,0,1,0,0,0,0,1,0,1,0,1,0,0,0,1,0,1,0,工作日,501-1000元,非常不满意,1,0,1,0,0,0,其他,0,1,1,1,0,0,0,中立,校外,,,,,,,0,0,1,0,1,0,时间短暂来钱快上手快的兼职,准备进行,,,,,,,,,,,一到二个月,实习条件和薪资待遇,一线城市,较多联系,5,6,公平,,,,,,,0,1,1,1,0,0,0,0,很有帮助,正式职业不会选择绝大多数做过的兼职,0,0,0,1,0,0,0,1,1,0,1,0,0,1,1,0,1,满足自我实现需要（激发潜能，实现自己的价值）
43,M28ArvAL,leNgXKJM,cdm****rlAa0,2022-02-16 13:40:15,2022-02-16 13:43:56,221,1,NriUJr,大学生兼职调查,183.228.202.110,108.7684500,28.8442900,重庆市,县,MOBILE,Android,Chrome,393px*851px,,男,长江师范学院管理学院,大三,重庆市，市辖区,是,,,,,,,,,,,,,,,,,,,,,1份,0,0,0,0,1,0,0,1,0,1,0,0,0,0,0,1,0,0,0,寒暑假,3001?5000元,非常不满意,0,0,0,0,0,1,,0,0,1,0,0,0,0,支持,校内,0,0,1,0,0,助教、科研、实验室助手等?,,,,,,,,进行过,1,0,0,0,1,0,二到四个月,实习条件和薪资待遇,其他城市,密切密切,,,,,5,5,公平,,,,,,,0,1,1,0,0,0,1,0,有一点帮助,正式职业不会选择少数做过的兼职,1,0,1,0,0,0,0,1,0,0,1,0,0,1,1,0,1,满足安全需要（工作稳定，很少有焦虑）
44,eyPb6W9L,5M2GYP87,cdm****YqjQf,2022-02-16 13:33:39,2022-02-16 13:43:53,614,1,NriUJr,大学生兼职调查,10.140.86.196,117.0200440,39.1427340,天津市,市辖区,MOBILE,Android,weixin,360px*800px,,女,天津医科大学护理学院,大三,天津市，市辖区,是,,,,,,,,,,,,,,,,,,,,,1份,1,0,0,0,0,0,0,1,1,0,0,0,0,1,0,1,0,0,0,周末,501-1000元,非常不满意,1,0,0,0,0,0,忍气吞声，自认倒霉,0,0,1,1,1,0,0,支持,校内,1,0,0,1,0,助教、科研、实验室助手等?,,,,,,,,暂时没有打算,,,,,,,,,,,,,,,4,5,存在较少不公平现象,,,,,,,1,1,1,1,0,0,1,0,有一点帮助,正式职业不会选择绝大多数做过的兼职,1,0,1,1,0,0,0,0,0,1,1,1,0,1,1,0,1,满足基本生活需要（满足日常基本的衣食住行和睡眠）
45,7j9QJnoM,5Lwr5vq7,cdm****c4Ny3,2022-02-16 13:38:05,2022-02-16 13:41:24,199,1,NriUJr,大学生兼职调查,101.224.208.47,121.4134347,31.0938738,上海市,市辖区,MOBILE,iOS,weixin,390px*844px,,男,吉林师范大学信息技术学院,大一,上海市，市辖区,是,,,,,,,,,,,,,,,,,,,,,1份,0,0,1,0,0,0,0,1,1,0,0,0,0,1,0,0,0,1,0,寒暑假,1001?2000元,非常不满意,0,0,1,0,0,0,向相关部门投诉,0,0,0,1,1,1,0,支持,校外,,,,,,,0,0,0,1,1,0,时间短暂来钱快上手快的兼职,准备进行,,,,,,,,,,,二到四个月,与专业的相关性,一线城市,较多联系,6,6,存在较少不公平现象,,,,,,,0,1,1,1,0,0,0,0,很有帮助,正式职业希望继续从事兼职做过的职业,1,0,1,0,1,0,0,1,1,0,0,1,0,1,1,0,0,满足自我实现需要（激发潜能，实现自己的价值）
46,MdP1AQ6M,27azQgZL,cdm****90b1D,2022-02-16 13:36:12,2022-02-16 13:39:41,209,1,NriUJr,大学生兼职调查,114.250.179.190,116.2712720,39.9517910,北京市,市辖区,MOBILE,Android,Chrome,360px*800px,,女,中央民族大学民族学与社会学学院,大二,北京市，市辖区,是,,,,,,,,,,,,,,,,,,,,,2-3份,0,1,0,0,1,0,0,1,1,1,0,1,0,0,0,1,1,0,0,寒暑假,500元及以下,非常不满意,0,0,0,0,0,1,,1,1,1,0,1,0,0,中立,校外,,,,,,,1,1,0,0,1,0,实习、研发等与专业相关、有一定难度的兼职?,准备进行,,,,,,,,,,,一个月,与专业的相关性,一线城市,密切密切,6,5,公平,,,,,,,0,1,1,0,0,0,0,0,有一点帮助,正式职业希望继续从事兼职做过的职业,1,1,0,1,1,0,0,0,1,1,1,0,0,1,1,0,1,满足自我实现需要（激发潜能，实现自己的价值）
47,eyPb6aQL,o7jD6yYe,刘*财,2022-02-16 13:33:12,2022-02-16 13:36:48,216,1,NriUJr,大学生兼职调查,140.207.23.237,121.2454980,31.3780530,上海市,市辖区,MOBILE,Android,weixin,393px*851px,,男,上海大学材料学院,大四,上海市，市辖区,是,,,,,,,,,,,,,,,,,,,,,2-3份,1,0,1,1,0,0,0,1,1,0,0,0,0,0,0,1,1,0,0,寒暑假,1001?2000元,非常不满意,0,0,0,0,0,1,,0,0,1,1,1,1,0,支持,校外,,,,,,,0,1,1,0,1,0,时间短暂来钱快上手快的兼职,准备进行,,,,,,,,,,,二到四个月,与专业的相关性,学校所在城市,较多联系,5,6,存在较少不公平现象,,,,,,,1,0,0,0,1,0,1,0,有一点帮助,正式职业不会选择绝大多数做过的兼职,0,0,0,0,0,1,0,0,0,1,0,1,0,0,0,0,1,满足自我实现需要（激发潜能，实现自己的价值）
48,7XAkPkrL,8MZN8Y1M,cdm****vhS0a,2022-02-16 13:33:15,2022-02-16 13:36:18,183,1,NriUJr,大学生兼职调查,14.108.156.98,106.4633477,29.5641068,重庆市,市辖区,MOBILE,iOS,weixin,414px*896px,,女,重庆大学公共管理学院,大三,重庆市，市辖区,是,,,,,,,,,,,,,,,,,,,,,2-3份,1,0,0,0,0,0,0,1,0,0,0,1,0,0,1,1,0,0,0,工作日,500元及以下,非常不满意,0,0,0,0,0,1,,0,0,1,1,0,0,0,支持,校外,,,,,,,1,1,1,1,1,0,实习、研发等与专业相关、有一定难度的兼职?,暂时没有打算,,,,,,,,,,,,,,,5,6,公平,,,,,,,1,1,1,1,1,0,0,0,有一点帮助,正式职业不会选择绝大多数做过的兼职,0,0,0,0,0,1,0,0,0,1,1,0,0,1,1,0,1,受到尊重（工作体面有尊严
49,eyPb6pBL,xLVbWgaL,暴*熊猫,2022-02-16 13:30:57,2022-02-16 13:34:49,232,1,NriUJr,大学生兼职调查,106.47.149.224,117.4288170,38.9860160,天津市,市辖区,MOBILE,Android,weixin,360px*780px,,女,北京林业大学园林学院,大三,天津市，市辖区,是,,,,,,,,,,,,,,,,,,,,,2-3份,0,0,1,0,0,0,0,1,1,0,0,1,0,1,0,1,1,0,0,寒暑假,1001?2000元,非常不满意,1,0,0,1,0,0,忍气吞声，自认倒霉,0,0,1,1,1,0,0,中立,校外,,,,,,,0,1,0,1,1,0,实习、研发等与专业相关、有一定难度的兼职?,准备进行,,,,,,,,,,,二到四个月,实习条件和薪资待遇,学校所在城市,毫无联系,3,5,存在较少不公平现象,,,,,,,0,1,1,1,0,0,0,0,有一点帮助,正式职业不会选择绝大多数做过的兼职,0,0,0,1,1,0,0,1,1,0,0,1,0,0,1,1,1,满足自我实现需要（激发潜能，实现自己的价值）
50,M1KAXvnL,z7lR489e,?,2022-02-16 13:26:28,2022-02-16 13:32:42,374,1,NriUJr,大学生兼职调查,111.199.59.205,116.5456610,39.7264640,北京市,市辖区,MOBILE,Android,Chrome,360px*780px,,女,首都师范大学 学前教育学院,大一,北京市，市辖区,是,,,,,,,,,,,,,,,,,,,,,1份,0,0,1,0,0,0,0,1,1,1,0,1,0,1,0,0,0,0,0,寒暑假,1001?2000元,非常不满意,0,1,1,1,0,0,向相关部门投诉,0,1,0,1,1,1,0,支持,校内,1,1,1,1,0,助教、科研、实验室助手等?,,,,,,,,准备进行,,,,,,,,,,,一个月,与专业的相关性,家乡城市,密切密切,5,6,存在较多不公平现象,1,0,1,1,1,0,1,1,1,1,1,0,1,0,有一点帮助,正式职业不会选择少数做过的兼职,0,0,0,0,0,1,0,0,1,1,0,1,0,1,1,0,1,有归属感和社交（单位氛围暖心，与同事关系融洽）
51,Mo12JzKL,o7j5d6dM,Us***ian,2022-02-16 13:25:57,2022-02-16 13:31:22,325,1,NriUJr,大学生兼职调查,223.104.3.162,116.5998320,39.8919640,北京市,市辖区,MOBILE,iOS,Apple WebKit,375px*667px,,女,中央民族大学法学院,大三,北京市，市辖区,是,,,,,,,,,,,,,,,,,,,,,2-3份,1,1,1,0,0,0,0,1,1,0,0,1,0,0,0,1,1,0,0,周末,1001?2000元,非常不满意,0,0,0,0,0,1,,0,0,1,1,1,0,0,支持,校内,1,0,1,0,0,助教、科研、实验室助手等?,,,,,,,,进行过,1,0,1,0,1,0,四到六个月,与专业的相关性,一线城市,密切密切,,,,,5,6,公平,,,,,,,0,1,1,1,0,0,0,0,有一点帮助,正式职业不会选择绝大多数做过的兼职,1,0,0,1,0,0,0,1,0,1,1,0,0,1,1,0,1,满足安全需要（工作稳定，很少有焦虑）
52,7AxODZ6M,leNOBVgM,cdm****wmyLe,2022-02-16 13:25:43,2022-02-16 13:30:40,297,1,NriUJr,大学生兼职调查,182.241.14.45,99.3689510,25.8906990,云南省,大理白族自治州,MOBILE,Android,weixin,384px*854px,,女,大连理工大学化工学院,研三,云南省，大理白族自治州,是,,,,,,,,,,,,,,,,,,,,,4-7份,1,1,0,0,1,0,1,1,1,1,0,0,0,0,1,1,1,1,0,寒暑假,1001?2000元,非常不满意,0,0,0,0,0,1,,1,0,1,1,1,1,0,支持,校外,,,,,,,0,0,0,0,1,0,实习、研发等与专业相关、有一定难度的兼职?,进行过,1,0,1,0,1,0,二到四个月,与专业的相关性,一线城市,密切密切,,,,,4,7,存在较少不公平现象,,,,,,,0,1,1,1,0,0,0,0,很有帮助,正式职业之外可以继续保持该兼职,0,0,1,0,0,0,0,1,0,1,0,1,0,0,1,0,1,满足基本生活需要（满足日常基本的衣食住行和睡眠）
53,ebqmD5kL,KLORg137,**子,2022-02-16 13:26:59,2022-02-16 13:30:04,185,1,NriUJr,大学生兼职调查,223.104.228.118,116.9899886,38.7037179,天津市,市辖区,MOBILE,iOS,weixin,414px*896px,,女,天津科技大学 电子信息与自动化学院,大三,天津市，市辖区,是,,,,,,,,,,,,,,,,,,,,,2-3份,1,0,0,0,0,0,1,1,0,1,0,0,0,0,0,0,1,0,0,周末,501-1000元,非常不满意,0,0,0,0,0,1,,0,0,1,1,1,0,0,支持,校外,,,,,,,0,0,1,0,1,0,时间短暂来钱快上手快的兼职,暂时没有打算,,,,,,,,,,,,,,,5,7,公平,,,,,,,1,0,1,1,1,0,0,0,很有帮助,正式职业不会选择少数做过的兼职,0,1,1,1,0,0,0,1,1,0,0,1,0,1,0,0,1,满足安全需要（工作稳定，很少有焦虑）
54,MWWwaJXM,5Lm0Bwp7,cdm****b1KTN,2022-02-16 13:24:40,2022-02-16 13:29:57,317,1,NriUJr,大学生兼职调查,211.94.254.23,117.4027070,39.1463000,天津市,市辖区,MOBILE,iOS,Apple WebKit,375px*812px,,女,天津师范大学，生命科学学院,大四,天津市，市辖区,是,,,,,,,,,,,,,,,,,,,,,2-3份,1,0,0,0,1,0,0,1,0,1,0,0,0,0,0,1,0,0,0,工作日,501-1000元,非常不满意,0,0,0,0,0,1,,0,0,1,0,0,1,1,支持,校内,0,0,1,0,0,助教、科研、实验室助手等?,,,,,,,,进行过,1,0,0,0,0,0,二到四个月,实习条件和薪资待遇,学校所在城市,较多联系,,,,,6,7,公平,,,,,,,0,1,1,0,0,0,0,0,有一点帮助,正式职业希望继续从事兼职做过的职业,1,0,1,0,1,0,0,0,0,1,0,1,0,1,1,0,1,满足基本生活需要（满足日常基本的衣食住行和睡眠）
55,7j9QJVlM,37Ky516e,cdm****xXFXw,2022-02-16 13:24:24,2022-02-16 13:28:46,262,1,NriUJr,大学生兼职调查,223.167.0.75,121.1964440,31.0531430,上海市,市辖区,MOBILE,Android,weixin,393px*786px,,女,上海工程技术大学纺织服装学院,大一,河南省，郑州市,是,,,,,,,,,,,,,,,,,,,,,2-3份,1,0,1,0,0,0,0,1,0,0,0,0,0,0,1,1,1,0,0,寒暑假,3001?5000元,非常不满意,0,1,1,0,0,0,忍气吞声，自认倒霉,0,0,0,0,0,0,1,支持,校外,,,,,,,0,0,0,0,1,0,时间短暂来钱快上手快的兼职,准备进行,,,,,,,,,,,四到六个月,实习条件和薪资待遇,学校所在城市,较多联系,4,4,无所谓,,,,,,,1,1,1,1,1,1,1,0,有一点帮助,正式职业不会选择绝大多数做过的兼职,0,0,0,0,1,0,0,0,0,0,1,0,1,0,1,1,1,满足基本生活需要（满足日常基本的衣食住行和睡眠）
56,LwPDbRve,p7YQWgx7,cdm****6gDe9,2022-02-16 13:25:38,2022-02-16 13:29:46,248,1,NriUJr,大学生兼职调查,183.229.29.36,109.8626070,31.0782060,重庆市,县,MOBILE,Android,weixin,393px*873px,,女,重庆外语外事学院,大二,重庆市，县,是,,,,,,,,,,,,,,,,,,,,,1份,0,0,0,0,0,0,1,1,0,1,0,1,0,0,0,0,0,0,1,寒暑假,1001?2000元,非常不满意,0,0,0,0,1,0,其他,0,0,1,1,1,0,0,支持,校内,1,0,1,1,0,校内服务型兼职（餐厅兼职、校园推广等）,,,,,,,,暂时没有打算,,,,,,,,,,,,,,,4,5,存在较少不公平现象,,,,,,,0,0,0,0,1,0,0,1,有一点帮助,正式职业不会选择绝大多数做过的兼职,1,0,1,0,0,0,0,0,0,1,1,0,0,1,1,0,1,满足安全需要（工作稳定，很少有焦虑）
57,7XAk0XwL,2MdPJZmM,cdm****OHXrw,2022-02-16 13:19:36,2022-02-16 13:24:21,285,1,NriUJr,大学生兼职调查,61.242.148.250,113.1787880,30.6674410,湖北省,省直辖县级行政区划,MOBILE,Android,weixin,393px*851px,,女,武汉纺织大学会计学院,大四,湖北省，随州市,是,,,,,,,,,,,,,,,,,,,,,2-3份,1,0,1,0,1,0,0,1,1,1,0,1,0,1,0,0,1,0,0,周末,1001?2000元,非常不满意,1,1,0,0,0,0,忍气吞声，自认倒霉,0,1,1,0,1,1,0,支持,校内,0,0,1,1,0,助教、科研、实验室助手等?,,,,,,,,准备进行,,,,,,,,,,,一到二个月,与专业的相关性,一线城市,密切密切,5,5,存在较少不公平现象,,,,,,,1,1,1,1,0,0,0,0,有一点帮助,正式职业不会选择绝大多数做过的兼职,0,0,0,0,0,1,0,1,0,1,1,0,0,1,1,0,1,有归属感和社交（单位氛围暖心，与同事关系融洽）
58,LwPDpwze,ve83KWLp,张*异,2022-02-16 13:10:10,2022-02-16 13:14:47,277,1,NriUJr,大学生兼职调查,111.197.252.182,116.5534701,39.9198757,北京市,市辖区,MOBILE,iOS,weixin,414px*896px,,女,北京师范大学,研三,江西省，南昌市,是,,,,,,,,,,,,,,,,,,,,,2-3份,1,0,0,0,1,0,0,1,0,1,0,0,0,0,0,1,1,0,0,周末,2001-3000 元,非常不满意,0,0,0,0,0,1,,0,0,1,0,1,1,0,反对,校外,,,,,,,0,1,0,0,1,0,时间短暂来钱快上手快的兼职,进行过,1,0,1,0,0,0,二到四个月,公司层次和品牌形象,一线城市,较多联系,,,,,3,4,存在较少不公平现象,,,,,,,0,1,1,1,0,0,0,1,很有帮助,正式职业不会选择少数做过的兼职,1,1,0,0,0,0,0,0,0,1,0,0,0,0,0,1,1,满足基本生活需要（满足日常基本的衣食住行和睡眠）
59,MWWwDOyM,kMr5QX0e,cdm****cvNL7,2022-02-16 13:04:25,2022-02-16 13:07:42,197,1,NriUJr,大学生兼职调查,117.136.38.48,116.3556870,39.9595240,北京市,市辖区,MOBILE,Android,weixin,384px*854px,,女,北京师范大学化学学院,博士,辽宁省，大连市,是,,,,,,,,,,,,,,,,,,,,,4-7份,1,0,0,0,0,0,0,1,1,1,0,1,0,0,1,1,0,1,0,寒暑假,1001?2000元,非常不满意,0,0,0,0,0,1,,1,0,1,0,0,1,0,支持,校内,0,0,1,1,0,助教、科研、实验室助手等?,,,,,,,,暂时没有打算,,,,,,,,,,,,,,,4,5,存在较少不公平现象,,,,,,,0,1,1,1,1,0,1,0,有一点帮助,正式职业希望继续从事兼职做过的职业,1,0,0,1,0,0,0,1,0,0,1,1,0,0,1,1,1,满足基本生活需要（满足日常基本的衣食住行和睡眠）
60,M1KADOyL,DMxPykKM,cdm****6rfkp,2022-02-16 13:04:47,2022-02-16 13:06:11,84,1,NriUJr,大学生兼职调查,218.67.164.142,117.0586200,38.9185060,天津市,市辖区,MOBILE,Android,weixin,360px*792px,,女,浙江师范大学,大三,天津市，市辖区,是,,,,,,,,,,,,,,,,,,,,,2-3份,1,0,0,0,1,0,0,1,1,1,1,1,0,1,1,1,1,1,0,寒暑假,3001?5000元,非常不满意,1,1,1,1,0,0,向相关部门投诉,1,1,1,1,1,0,0,支持,校内,1,1,1,1,0,助教、科研、实验室助手等?,,,,,,,,进行过,1,1,1,0,0,0,一到二个月,与专业的相关性,一线城市,密切密切,,,,,6,6,公平,,,,,,,1,1,1,1,0,0,0,0,很有帮助,正式职业希望继续从事兼职做过的职业,1,0,0,1,0,0,0,0,1,0,1,0,0,0,1,0,0,有归属感和社交（单位氛围暖心，与同事关系融洽）
